customer_id,churn_probability,contact_customer
CUST-100312,0.2654297614539947,0
CUST-106072,0.2654297614539947,0
CUST-101199,0.2654297614539947,0
CUST-104657,0.2654297614539947,0
CUST-107030,0.2654297614539947,0
CUST-106040,0.2654297614539947,0
CUST-104396,0.2654297614539947,0
CUST-105231,0.2654297614539947,0
CUST-105572,0.2654297614539947,0
CUST-100226,0.2654297614539947,0
CUST-104295,0.2654297614539947,0
CUST-102841,0.2654297614539947,0
CUST-105451,0.2654297614539947,0
CUST-102511,0.2654297614539947,0
CUST-100330,0.2654297614539947,0
CUST-101148,0.2654297614539947,0
CUST-102198,0.2654297614539947,0
CUST-106234,0.2654297614539947,0
CUST-101406,0.2654297614539947,0
CUST-101250,0.2654297614539947,0
CUST-104714,0.2654297614539947,0
CUST-102237,0.2654297614539947,0
CUST-104406,0.2654297614539947,0
CUST-106860,0.2654297614539947,0
CUST-105223,0.2654297614539947,0
CUST-104687,0.2654297614539947,0
CUST-105833,0.2654297614539947,0
CUST-101336,0.2654297614539947,0
CUST-105169,0.2654297614539947,0
CUST-101137,0.2654297614539947,0
CUST-106348,0.2654297614539947,0
CUST-105977,0.2654297614539947,0
CUST-106291,0.2654297614539947,0
CUST-106800,0.2654297614539947,0
CUST-103863,0.2654297614539947,0
CUST-100960,0.2654297614539947,0
CUST-102857,0.2654297614539947,0
CUST-102108,0.2654297614539947,0
CUST-100557,0.2654297614539947,0
CUST-105386,0.2654297614539947,0
CUST-104866,0.2654297614539947,0
CUST-105976,0.2654297614539947,0
CUST-104139,0.2654297614539947,0
CUST-105316,0.2654297614539947,0
CUST-102085,0.2654297614539947,0
CUST-103052,0.2654297614539947,0
CUST-105711,0.2654297614539947,0
CUST-103801,0.2654297614539947,0
CUST-106229,0.2654297614539947,0
CUST-103367,0.2654297614539947,0
CUST-105033,0.2654297614539947,0
CUST-103157,0.2654297614539947,0
CUST-106926,0.2654297614539947,0
CUST-106627,0.2654297614539947,0
CUST-105266,0.2654297614539947,0
CUST-104156,0.2654297614539947,0
CUST-105668,0.2654297614539947,0
CUST-106107,0.2654297614539947,0
CUST-104147,0.2654297614539947,0
CUST-100047,0.2654297614539947,0
CUST-103847,0.2654297614539947,0
CUST-103882,0.2654297614539947,0
CUST-102072,0.2654297614539947,0
CUST-105869,0.2654297614539947,0
CUST-104810,0.2654297614539947,0
CUST-103108,0.2654297614539947,0
CUST-104528,0.2654297614539947,0
CUST-103740,0.2654297614539947,0
CUST-102329,0.2654297614539947,0
CUST-106586,0.2654297614539947,0
CUST-105529,0.2654297614539947,0
CUST-106156,0.2654297614539947,0
CUST-100250,0.2654297614539947,0
CUST-100846,0.2654297614539947,0
CUST-101915,0.2654297614539947,0
CUST-102289,0.2654297614539947,0
CUST-103219,0.2654297614539947,0
CUST-104747,0.2654297614539947,0
CUST-101501,0.2654297614539947,0
CUST-104773,0.2654297614539947,0
CUST-102968,0.2654297614539947,0
CUST-101512,0.2654297614539947,0
CUST-105199,0.2654297614539947,0
CUST-104949,0.2654297614539947,0
CUST-101109,0.2654297614539947,0
CUST-101602,0.2654297614539947,0
CUST-104388,0.2654297614539947,0
CUST-106426,0.2654297614539947,0
CUST-106986,0.2654297614539947,0
CUST-102251,0.2654297614539947,0
CUST-103506,0.2654297614539947,0
CUST-102441,0.2654297614539947,0
CUST-104470,0.2654297614539947,0
CUST-105792,0.2654297614539947,0
CUST-103562,0.2654297614539947,0
CUST-104634,0.2654297614539947,0
CUST-102411,0.2654297614539947,0
CUST-104549,0.2654297614539947,0
CUST-104380,0.2654297614539947,0
CUST-104209,0.2654297614539947,0
CUST-100507,0.2654297614539947,0
CUST-105419,0.2654297614539947,0
CUST-103382,0.2654297614539947,0
CUST-102043,0.2654297614539947,0
CUST-100462,0.2654297614539947,0
CUST-101358,0.2654297614539947,0
CUST-105989,0.2654297614539947,0
CUST-101943,0.2654297614539947,0
CUST-104716,0.2654297614539947,0
CUST-100568,0.2654297614539947,0
CUST-100285,0.2654297614539947,0
CUST-100901,0.2654297614539947,0
CUST-105409,0.2654297614539947,0
CUST-101887,0.2654297614539947,0
CUST-106963,0.2654297614539947,0
CUST-102084,0.2654297614539947,0
CUST-101829,0.2654297614539947,0
CUST-106225,0.2654297614539947,0
CUST-105319,0.2654297614539947,0
CUST-102177,0.2654297614539947,0
CUST-100893,0.2654297614539947,0
CUST-105677,0.2654297614539947,0
CUST-102173,0.2654297614539947,0
CUST-102912,0.2654297614539947,0
CUST-104750,0.2654297614539947,0
CUST-106749,0.2654297614539947,0
CUST-105128,0.2654297614539947,0
CUST-102096,0.2654297614539947,0
CUST-102089,0.2654297614539947,0
CUST-100755,0.2654297614539947,0
CUST-103211,0.2654297614539947,0
CUST-103316,0.2654297614539947,0
CUST-101007,0.2654297614539947,0
CUST-106836,0.2654297614539947,0
CUST-102272,0.2654297614539947,0
CUST-102572,0.2654297614539947,0
CUST-104613,0.2654297614539947,0
CUST-102170,0.2654297614539947,0
CUST-100572,0.2654297614539947,0
CUST-103507,0.2654297614539947,0
CUST-102421,0.2654297614539947,0
CUST-104301,0.2654297614539947,0
CUST-104412,0.2654297614539947,0
CUST-100162,0.2654297614539947,0
CUST-101368,0.2654297614539947,0
CUST-100334,0.2654297614539947,0
CUST-102373,0.2654297614539947,0
CUST-100577,0.2654297614539947,0
CUST-103146,0.2654297614539947,0
CUST-107025,0.2654297614539947,0
CUST-101261,0.2654297614539947,0
CUST-102871,0.2654297614539947,0
CUST-104503,0.2654297614539947,0
CUST-101886,0.2654297614539947,0
CUST-102626,0.2654297614539947,0
CUST-101986,0.2654297614539947,0
CUST-104155,0.2654297614539947,0
CUST-104844,0.2654297614539947,0
CUST-104517,0.2654297614539947,0
CUST-104132,0.2654297614539947,0
CUST-103241,0.2654297614539947,0
CUST-103060,0.2654297614539947,0
CUST-104601,0.2654297614539947,0
CUST-101981,0.2654297614539947,0
CUST-102969,0.2654297614539947,0
CUST-104741,0.2654297614539947,0
CUST-102371,0.2654297614539947,0
CUST-101728,0.2654297614539947,0
CUST-104826,0.2654297614539947,0
CUST-100725,0.2654297614539947,0
CUST-102426,0.2654297614539947,0
CUST-106095,0.2654297614539947,0
CUST-106908,0.2654297614539947,0
CUST-102358,0.2654297614539947,0
CUST-104566,0.2654297614539947,0
CUST-105688,0.2654297614539947,0
CUST-101438,0.2654297614539947,0
CUST-104040,0.2654297614539947,0
CUST-104261,0.2654297614539947,0
CUST-104143,0.2654297614539947,0
CUST-105027,0.2654297614539947,0
CUST-100473,0.2654297614539947,0
CUST-105153,0.2654297614539947,0
CUST-102307,0.2654297614539947,0
CUST-105084,0.2654297614539947,0
CUST-100114,0.2654297614539947,0
CUST-106148,0.2654297614539947,0
CUST-103661,0.2654297614539947,0
CUST-105762,0.2654297614539947,0
CUST-100080,0.2654297614539947,0
CUST-100694,0.2654297614539947,0
CUST-102271,0.2654297614539947,0
CUST-101848,0.2654297614539947,0
CUST-102199,0.2654297614539947,0
CUST-103387,0.2654297614539947,0
CUST-106633,0.2654297614539947,0
CUST-101567,0.2654297614539947,0
CUST-106438,0.2654297614539947,0
CUST-106509,0.2654297614539947,0
CUST-102506,0.2654297614539947,0
CUST-100025,0.2654297614539947,0
CUST-100706,0.2654297614539947,0
CUST-102416,0.2654297614539947,0
CUST-100944,0.2654297614539947,0
CUST-103245,0.2654297614539947,0
CUST-100543,0.2654297614539947,0
CUST-104898,0.2654297614539947,0
CUST-106363,0.2654297614539947,0
CUST-102695,0.2654297614539947,0
CUST-100410,0.2654297614539947,0
CUST-100765,0.2654297614539947,0
CUST-100743,0.2654297614539947,0
CUST-105708,0.2654297614539947,0
CUST-104912,0.2654297614539947,0
CUST-101967,0.2654297614539947,0
CUST-103714,0.2654297614539947,0
CUST-105312,0.2654297614539947,0
CUST-105787,0.2654297614539947,0
CUST-101763,0.2654297614539947,0
CUST-101478,0.2654297614539947,0
CUST-106752,0.2654297614539947,0
CUST-100809,0.2654297614539947,0
CUST-100417,0.2654297614539947,0
CUST-103669,0.2654297614539947,0
CUST-103203,0.2654297614539947,0
CUST-101309,0.2654297614539947,0
CUST-101087,0.2654297614539947,0
CUST-104875,0.2654297614539947,0
CUST-101308,0.2654297614539947,0
CUST-101258,0.2654297614539947,0
CUST-106722,0.2654297614539947,0
CUST-106620,0.2654297614539947,0
CUST-106771,0.2654297614539947,0
CUST-105246,0.2654297614539947,0
CUST-100248,0.2654297614539947,0
CUST-102673,0.2654297614539947,0
CUST-104783,0.2654297614539947,0
CUST-103296,0.2654297614539947,0
CUST-103091,0.2654297614539947,0
CUST-102254,0.2654297614539947,0
CUST-100268,0.2654297614539947,0
CUST-100269,0.2654297614539947,0
CUST-103865,0.2654297614539947,0
CUST-106631,0.2654297614539947,0
CUST-102984,0.2654297614539947,0
CUST-104324,0.2654297614539947,0
CUST-102852,0.2654297614539947,0
CUST-105896,0.2654297614539947,0
CUST-103948,0.2654297614539947,0
CUST-105888,0.2654297614539947,0
CUST-101536,0.2654297614539947,0
CUST-101540,0.2654297614539947,0
CUST-103548,0.2654297614539947,0
CUST-104365,0.2654297614539947,0
CUST-106751,0.2654297614539947,0
CUST-103123,0.2654297614539947,0
CUST-103893,0.2654297614539947,0
CUST-102574,0.2654297614539947,0
CUST-106552,0.2654297614539947,0
CUST-101647,0.2654297614539947,0
CUST-105385,0.2654297614539947,0
CUST-103295,0.2654297614539947,0
CUST-102721,0.2654297614539947,0
CUST-101789,0.2654297614539947,0
CUST-103068,0.2654297614539947,0
CUST-104480,0.2654297614539947,0
CUST-100397,0.2654297614539947,0
CUST-100538,0.2654297614539947,0
CUST-106159,0.2654297614539947,0
CUST-102547,0.2654297614539947,0
CUST-101609,0.2654297614539947,0
CUST-103397,0.2654297614539947,0
CUST-103574,0.2654297614539947,0
CUST-101351,0.2654297614539947,0
CUST-106608,0.2654297614539947,0
CUST-100409,0.2654297614539947,0
CUST-104208,0.2654297614539947,0
CUST-105041,0.2654297614539947,0
CUST-100644,0.2654297614539947,0
CUST-103469,0.2654297614539947,0
CUST-106250,0.2654297614539947,0
CUST-105142,0.2654297614539947,0
CUST-102844,0.2654297614539947,0
CUST-100228,0.2654297614539947,0
CUST-104568,0.2654297614539947,0
CUST-106383,0.2654297614539947,0
CUST-104986,0.2654297614539947,0
CUST-102922,0.2654297614539947,0
CUST-104431,0.2654297614539947,0
CUST-102268,0.2654297614539947,0
CUST-104281,0.2654297614539947,0
CUST-105137,0.2654297614539947,0
CUST-104161,0.2654297614539947,0
CUST-100353,0.2654297614539947,0
CUST-105482,0.2654297614539947,0
CUST-103271,0.2654297614539947,0
CUST-104079,0.2654297614539947,0
CUST-106403,0.2654297614539947,0
CUST-103090,0.2654297614539947,0
CUST-106218,0.2654297614539947,0
CUST-104668,0.2654297614539947,0
CUST-102399,0.2654297614539947,0
CUST-100595,0.2654297614539947,0
CUST-105722,0.2654297614539947,0
CUST-100982,0.2654297614539947,0
CUST-103253,0.2654297614539947,0
CUST-103911,0.2654297614539947,0
CUST-106607,0.2654297614539947,0
CUST-102732,0.2654297614539947,0
CUST-106891,0.2654297614539947,0
CUST-105628,0.2654297614539947,0
CUST-100517,0.2654297614539947,0
CUST-105836,0.2654297614539947,0
CUST-106202,0.2654297614539947,0
CUST-100086,0.2654297614539947,0
CUST-106531,0.2654297614539947,0
CUST-101488,0.2654297614539947,0
CUST-102664,0.2654297614539947,0
CUST-102815,0.2654297614539947,0
CUST-104489,0.2654297614539947,0
CUST-104829,0.2654297614539947,0
CUST-104669,0.2654297614539947,0
CUST-104542,0.2654297614539947,0
CUST-105278,0.2654297614539947,0
CUST-105520,0.2654297614539947,0
CUST-104617,0.2654297614539947,0
CUST-104313,0.2654297614539947,0
CUST-100827,0.2654297614539947,0
CUST-102793,0.2654297614539947,0
CUST-106662,0.2654297614539947,0
CUST-105422,0.2654297614539947,0
CUST-105849,0.2654297614539947,0
CUST-105036,0.2654297614539947,0
CUST-104153,0.2654297614539947,0
CUST-100859,0.2654297614539947,0
CUST-102244,0.2654297614539947,0
CUST-106993,0.2654297614539947,0
CUST-100133,0.2654297614539947,0
CUST-106872,0.2654297614539947,0
CUST-100812,0.2654297614539947,0
CUST-105097,0.2654297614539947,0
CUST-103043,0.2654297614539947,0
CUST-104944,0.2654297614539947,0
CUST-100496,0.2654297614539947,0
CUST-102795,0.2654297614539947,0
CUST-101280,0.2654297614539947,0
CUST-106996,0.2654297614539947,0
CUST-103299,0.2654297614539947,0
CUST-101064,0.2654297614539947,0
CUST-103238,0.2654297614539947,0
CUST-105551,0.2654297614539947,0
CUST-101561,0.2654297614539947,0
CUST-105589,0.2654297614539947,0
CUST-104893,0.2654297614539947,0
CUST-101058,0.2654297614539947,0
CUST-102114,0.2654297614539947,0
CUST-105328,0.2654297614539947,0
CUST-105702,0.2654297614539947,0
CUST-102225,0.2654297614539947,0
CUST-100669,0.2654297614539947,0
CUST-106415,0.2654297614539947,0
CUST-103703,0.2654297614539947,0
CUST-103416,0.2654297614539947,0
CUST-101674,0.2654297614539947,0
CUST-102312,0.2654297614539947,0
CUST-101715,0.2654297614539947,0
CUST-105675,0.2654297614539947,0
CUST-104506,0.2654297614539947,0
CUST-100212,0.2654297614539947,0
CUST-106657,0.2654297614539947,0
CUST-103815,0.2654297614539947,0
CUST-101364,0.2654297614539947,0
CUST-103545,0.2654297614539947,0
CUST-104846,0.2654297614539947,0
CUST-103441,0.2654297614539947,0
CUST-100861,0.2654297614539947,0
CUST-104815,0.2654297614539947,0
CUST-104502,0.2654297614539947,0
CUST-105852,0.2654297614539947,0
CUST-100965,0.2654297614539947,0
CUST-105798,0.2654297614539947,0
CUST-100027,0.2654297614539947,0
CUST-100562,0.2654297614539947,0
CUST-104988,0.2654297614539947,0
CUST-101688,0.2654297614539947,0
CUST-103681,0.2654297614539947,0
CUST-100485,0.2654297614539947,0
CUST-101012,0.2654297614539947,0
CUST-101416,0.2654297614539947,0
CUST-103633,0.2654297614539947,0
CUST-105343,0.2654297614539947,0
CUST-101757,0.2654297614539947,0
CUST-100652,0.2654297614539947,0
CUST-101888,0.2654297614539947,0
CUST-104146,0.2654297614539947,0
CUST-106718,0.2654297614539947,0
CUST-106760,0.2654297614539947,0
CUST-106628,0.2654297614539947,0
CUST-106965,0.2654297614539947,0
CUST-102455,0.2654297614539947,0
CUST-105453,0.2654297614539947,0
CUST-104418,0.2654297614539947,0
CUST-102081,0.2654297614539947,0
CUST-106755,0.2654297614539947,0
CUST-100029,0.2654297614539947,0
CUST-100589,0.2654297614539947,0
CUST-103756,0.2654297614539947,0
CUST-102790,0.2654297614539947,0
CUST-103145,0.2654297614539947,0
CUST-100112,0.2654297614539947,0
CUST-104612,0.2654297614539947,0
CUST-104136,0.2654297614539947,0
CUST-101983,0.2654297614539947,0
CUST-100823,0.2654297614539947,0
CUST-103828,0.2654297614539947,0
CUST-106733,0.2654297614539947,0
CUST-102207,0.2654297614539947,0
CUST-106206,0.2654297614539947,0
CUST-105911,0.2654297614539947,0
CUST-103254,0.2654297614539947,0
CUST-102256,0.2654297614539947,0
CUST-106497,0.2654297614539947,0
CUST-106952,0.2654297614539947,0
CUST-105086,0.2654297614539947,0
CUST-104818,0.2654297614539947,0
CUST-102627,0.2654297614539947,0
CUST-106033,0.2654297614539947,0
CUST-102287,0.2654297614539947,0
CUST-103663,0.2654297614539947,0
CUST-102818,0.2654297614539947,0
CUST-105980,0.2654297614539947,0
CUST-102359,0.2654297614539947,0
CUST-101506,0.2654297614539947,0
CUST-100324,0.2654297614539947,0
CUST-102214,0.2654297614539947,0
CUST-101224,0.2654297614539947,0
CUST-100787,0.2654297614539947,0
CUST-104551,0.2654297614539947,0
CUST-101774,0.2654297614539947,0
CUST-102276,0.2654297614539947,0
CUST-100874,0.2654297614539947,0
CUST-102154,0.2654297614539947,0
CUST-100446,0.2654297614539947,0
CUST-100132,0.2654297614539947,0
CUST-100941,0.2654297614539947,0
CUST-106306,0.2654297614539947,0
CUST-105408,0.2654297614539947,0
CUST-100875,0.2654297614539947,0
CUST-106862,0.2654297614539947,0
CUST-106563,0.2654297614539947,0
CUST-105161,0.2654297614539947,0
CUST-104447,0.2654297614539947,0
CUST-106956,0.2654297614539947,0
CUST-100899,0.2654297614539947,0
CUST-103035,0.2654297614539947,0
CUST-100009,0.2654297614539947,0
CUST-103722,0.2654297614539947,0
CUST-100687,0.2654297614539947,0
CUST-105860,0.2654297614539947,0
CUST-102973,0.2654297614539947,0
CUST-100016,0.2654297614539947,0
CUST-105851,0.2654297614539947,0
CUST-104340,0.2654297614539947,0
CUST-100722,0.2654297614539947,0
CUST-101719,0.2654297614539947,0
CUST-103393,0.2654297614539947,0
CUST-101733,0.2654297614539947,0
CUST-101104,0.2654297614539947,0
CUST-102630,0.2654297614539947,0
CUST-102100,0.2654297614539947,0
CUST-104403,0.2654297614539947,0
CUST-106099,0.2654297614539947,0
CUST-104763,0.2654297614539947,0
CUST-101816,0.2654297614539947,0
CUST-103887,0.2654297614539947,0
CUST-103896,0.2654297614539947,0
CUST-104426,0.2654297614539947,0
CUST-105321,0.2654297614539947,0
CUST-101066,0.2654297614539947,0
CUST-103207,0.2654297614539947,0
CUST-103137,0.2654297614539947,0
CUST-101758,0.2654297614539947,0
CUST-106287,0.2654297614539947,0
CUST-100761,0.2654297614539947,0
CUST-106314,0.2654297614539947,0
CUST-104434,0.2654297614539947,0
CUST-103028,0.2654297614539947,0
CUST-106365,0.2654297614539947,0
CUST-101337,0.2654297614539947,0
CUST-101896,0.2654297614539947,0
CUST-101612,0.2654297614539947,0
CUST-103381,0.2654297614539947,0
CUST-105825,0.2654297614539947,0
CUST-101411,0.2654297614539947,0
CUST-100860,0.2654297614539947,0
CUST-104258,0.2654297614539947,0
CUST-106742,0.2654297614539947,0
CUST-100805,0.2654297614539947,0
CUST-103625,0.2654297614539947,0
CUST-104012,0.2654297614539947,0
CUST-102190,0.2654297614539947,0
CUST-105891,0.2654297614539947,0
CUST-105245,0.2654297614539947,0
CUST-100596,0.2654297614539947,0
CUST-105994,0.2654297614539947,0
CUST-101683,0.2654297614539947,0
CUST-105966,0.2654297614539947,0
CUST-101209,0.2654297614539947,0
CUST-102786,0.2654297614539947,0
CUST-102102,0.2654297614539947,0
CUST-106253,0.2654297614539947,0
CUST-102057,0.2654297614539947,0
CUST-103899,0.2654297614539947,0
CUST-106789,0.2654297614539947,0
CUST-106191,0.2654297614539947,0
CUST-102167,0.2654297614539947,0
CUST-106454,0.2654297614539947,0
CUST-103459,0.2654297614539947,0
CUST-104104,0.2654297614539947,0
CUST-100720,0.2654297614539947,0
CUST-101513,0.2654297614539947,0
CUST-105260,0.2654297614539947,0
CUST-106655,0.2654297614539947,0
CUST-103258,0.2654297614539947,0
CUST-106699,0.2654297614539947,0
CUST-103923,0.2654297614539947,0
CUST-105042,0.2654297614539947,0
CUST-100227,0.2654297614539947,0
CUST-101248,0.2654297614539947,0
CUST-105864,0.2654297614539947,0
CUST-104527,0.2654297614539947,0
CUST-102311,0.2654297614539947,0
CUST-102210,0.2654297614539947,0
CUST-103132,0.2654297614539947,0
CUST-103856,0.2654297614539947,0
CUST-103274,0.2654297614539947,0
CUST-104939,0.2654297614539947,0
CUST-105263,0.2654297614539947,0
CUST-100005,0.2654297614539947,0
CUST-106870,0.2654297614539947,0
CUST-106579,0.2654297614539947,0
CUST-100900,0.2654297614539947,0
CUST-106989,0.2654297614539947,0
CUST-100469,0.2654297614539947,0
CUST-105706,0.2654297614539947,0
CUST-103674,0.2654297614539947,0
CUST-106750,0.2654297614539947,0
CUST-106482,0.2654297614539947,0
CUST-106163,0.2654297614539947,0
CUST-104779,0.2654297614539947,0
CUST-103652,0.2654297614539947,0
CUST-104271,0.2654297614539947,0
CUST-105666,0.2654297614539947,0
CUST-103804,0.2654297614539947,0
CUST-104129,0.2654297614539947,0
CUST-103288,0.2654297614539947,0
CUST-101414,0.2654297614539947,0
CUST-103378,0.2654297614539947,0
CUST-103485,0.2654297614539947,0
CUST-105105,0.2654297614539947,0
CUST-103491,0.2654297614539947,0
CUST-103770,0.2654297614539947,0
CUST-104725,0.2654297614539947,0
CUST-106048,0.2654297614539947,0
CUST-103456,0.2654297614539947,0
CUST-106605,0.2654297614539947,0
CUST-105805,0.2654297614539947,0
CUST-103198,0.2654297614539947,0
CUST-102451,0.2654297614539947,0
CUST-104255,0.2654297614539947,0
CUST-104497,0.2654297614539947,0
CUST-106897,0.2654297614539947,0
CUST-101276,0.2654297614539947,0
CUST-103050,0.2654297614539947,0
CUST-100467,0.2654297614539947,0
CUST-106155,0.2654297614539947,0
CUST-101924,0.2654297614539947,0
CUST-100839,0.2654297614539947,0
CUST-106960,0.2654297614539947,0
CUST-105216,0.2654297614539947,0
CUST-105715,0.2654297614539947,0
CUST-101404,0.2654297614539947,0
CUST-105007,0.2654297614539947,0
CUST-100633,0.2654297614539947,0
CUST-105159,0.2654297614539947,0
CUST-104520,0.2654297614539947,0
CUST-104226,0.2654297614539947,0
CUST-104872,0.2654297614539947,0
CUST-103151,0.2654297614539947,0
CUST-101129,0.2654297614539947,0
CUST-106131,0.2654297614539947,0
CUST-100635,0.2654297614539947,0
CUST-103781,0.2654297614539947,0
CUST-106974,0.2654297614539947,0
CUST-105426,0.2654297614539947,0
CUST-100615,0.2654297614539947,0
CUST-103624,0.2654297614539947,0
CUST-102668,0.2654297614539947,0
CUST-106298,0.2654297614539947,0
CUST-100760,0.2654297614539947,0
CUST-104917,0.2654297614539947,0
CUST-103627,0.2654297614539947,0
CUST-105138,0.2654297614539947,0
CUST-103797,0.2654297614539947,0
CUST-100049,0.2654297614539947,0
CUST-101396,0.2654297614539947,0
CUST-102908,0.2654297614539947,0
CUST-102600,0.2654297614539947,0
CUST-100402,0.2654297614539947,0
CUST-106137,0.2654297614539947,0
CUST-103607,0.2654297614539947,0
CUST-103616,0.2654297614539947,0
CUST-106504,0.2654297614539947,0
CUST-102933,0.2654297614539947,0
CUST-100355,0.2654297614539947,0
CUST-106819,0.2654297614539947,0
CUST-102094,0.2654297614539947,0
CUST-105400,0.2654297614539947,0
CUST-103974,0.2654297614539947,0
CUST-103742,0.2654297614539947,0
CUST-100423,0.2654297614539947,0
CUST-105517,0.2654297614539947,0
CUST-101617,0.2654297614539947,0
CUST-102699,0.2654297614539947,0
CUST-101095,0.2654297614539947,0
CUST-105659,0.2654297614539947,0
CUST-102413,0.2654297614539947,0
CUST-105325,0.2654297614539947,0
CUST-102245,0.2654297614539947,0
CUST-102205,0.2654297614539947,0
CUST-105363,0.2654297614539947,0
CUST-103300,0.2654297614539947,0
CUST-104225,0.2654297614539947,0
CUST-100428,0.2654297614539947,0
CUST-105117,0.2654297614539947,0
CUST-100957,0.2654297614539947,0
CUST-100747,0.2654297614539947,0
CUST-104368,0.2654297614539947,0
CUST-101467,0.2654297614539947,0
CUST-102262,0.2654297614539947,0
CUST-103719,0.2654297614539947,0
CUST-104089,0.2654297614539947,0
CUST-101264,0.2654297614539947,0
CUST-101408,0.2654297614539947,0
CUST-101259,0.2654297614539947,0
CUST-101504,0.2654297614539947,0
CUST-106915,0.2654297614539947,0
CUST-101993,0.2654297614539947,0
CUST-103246,0.2654297614539947,0
CUST-104791,0.2654297614539947,0
CUST-105820,0.2654297614539947,0
CUST-102738,0.2654297614539947,0
CUST-103589,0.2654297614539947,0
CUST-106805,0.2654297614539947,0
CUST-101456,0.2654297614539947,0
CUST-102444,0.2654297614539947,0
CUST-103982,0.2654297614539947,0
CUST-100464,0.2654297614539947,0
CUST-103645,0.2654297614539947,0
CUST-102243,0.2654297614539947,0
CUST-106775,0.2654297614539947,0
CUST-106580,0.2654297614539947,0
CUST-105602,0.2654297614539947,0
CUST-103857,0.2654297614539947,0
CUST-105494,0.2654297614539947,0
CUST-102946,0.2654297614539947,0
CUST-104013,0.2654297614539947,0
CUST-105809,0.2654297614539947,0
CUST-106754,0.2654297614539947,0
CUST-104058,0.2654297614539947,0
CUST-101639,0.2654297614539947,0
CUST-101222,0.2654297614539947,0
CUST-105376,0.2654297614539947,0
CUST-104327,0.2654297614539947,0
CUST-103408,0.2654297614539947,0
CUST-106473,0.2654297614539947,0
CUST-100478,0.2654297614539947,0
CUST-101921,0.2654297614539947,0
CUST-101016,0.2654297614539947,0
CUST-104985,0.2654297614539947,0
CUST-101381,0.2654297614539947,0
CUST-106140,0.2654297614539947,0
CUST-104980,0.2654297614539947,0
CUST-100468,0.2654297614539947,0
CUST-103537,0.2654297614539947,0
CUST-100962,0.2654297614539947,0
CUST-104630,0.2654297614539947,0
CUST-102606,0.2654297614539947,0
CUST-100822,0.2654297614539947,0
CUST-105010,0.2654297614539947,0
CUST-103677,0.2654297614539947,0
CUST-106837,0.2654297614539947,0
CUST-103432,0.2654297614539947,0
CUST-105870,0.2654297614539947,0
CUST-100593,0.2654297614539947,0
CUST-103148,0.2654297614539947,0
CUST-106514,0.2654297614539947,0
CUST-100476,0.2654297614539947,0
CUST-100995,0.2654297614539947,0
CUST-104968,0.2654297614539947,0
CUST-101531,0.2654297614539947,0
CUST-103749,0.2654297614539947,0
CUST-100749,0.2654297614539947,0
CUST-102231,0.2654297614539947,0
CUST-103380,0.2654297614539947,0
CUST-100148,0.2654297614539947,0
CUST-100630,0.2654297614539947,0
CUST-104444,0.2654297614539947,0
CUST-101256,0.2654297614539947,0
CUST-106629,0.2654297614539947,0
CUST-100816,0.2654297614539947,0
CUST-102333,0.2654297614539947,0
CUST-104246,0.2654297614539947,0
CUST-106429,0.2654297614539947,0
CUST-100844,0.2654297614539947,0
CUST-103915,0.2654297614539947,0
CUST-100364,0.2654297614539947,0
CUST-106781,0.2654297614539947,0
CUST-100666,0.2654297614539947,0
CUST-103898,0.2654297614539947,0
CUST-105910,0.2654297614539947,0
CUST-102487,0.2654297614539947,0
CUST-100968,0.2654297614539947,0
CUST-105632,0.2654297614539947,0
CUST-100203,0.2654297614539947,0
CUST-103234,0.2654297614539947,0
CUST-102156,0.2654297614539947,0
CUST-100578,0.2654297614539947,0
CUST-102660,0.2654297614539947,0
CUST-103941,0.2654297614539947,0
CUST-102348,0.2654297614539947,0
CUST-103210,0.2654297614539947,0
CUST-105916,0.2654297614539947,0
CUST-103325,0.2654297614539947,0
CUST-104685,0.2654297614539947,0
CUST-104971,0.2654297614539947,0
CUST-106146,0.2654297614539947,0
CUST-102792,0.2654297614539947,0
CUST-101787,0.2654297614539947,0
CUST-101067,0.2654297614539947,0
CUST-103415,0.2654297614539947,0
CUST-104882,0.2654297614539947,0
CUST-103777,0.2654297614539947,0
CUST-103764,0.2654297614539947,0
CUST-103121,0.2654297614539947,0
CUST-105271,0.2654297614539947,0
CUST-103177,0.2654297614539947,0
CUST-101714,0.2654297614539947,0
CUST-106659,0.2654297614539947,0
CUST-102756,0.2654297614539947,0
CUST-101799,0.2654297614539947,0
CUST-106758,0.2654297614539947,0
CUST-104277,0.2654297614539947,0
CUST-102125,0.2654297614539947,0
CUST-103595,0.2654297614539947,0
CUST-100044,0.2654297614539947,0
CUST-103176,0.2654297614539947,0
CUST-100636,0.2654297614539947,0
CUST-101645,0.2654297614539947,0
CUST-104138,0.2654297614539947,0
CUST-105337,0.2654297614539947,0
CUST-105673,0.2654297614539947,0
CUST-101317,0.2654297614539947,0
CUST-102462,0.2654297614539947,0
CUST-103384,0.2654297614539947,0
CUST-106667,0.2654297614539947,0
CUST-102239,0.2654297614539947,0
CUST-105509,0.2654297614539947,0
CUST-103955,0.2654297614539947,0
CUST-102678,0.2654297614539947,0
CUST-106663,0.2654297614539947,0
CUST-102619,0.2654297614539947,0
CUST-101962,0.2654297614539947,0
CUST-100508,0.2654297614539947,0
CUST-103608,0.2654297614539947,0
CUST-104598,0.2654297614539947,0
CUST-104788,0.2654297614539947,0
CUST-106050,0.2654297614539947,0
CUST-104963,0.2654297614539947,0
CUST-100024,0.2654297614539947,0
CUST-100038,0.2654297614539947,0
CUST-102775,0.2654297614539947,0
CUST-102983,0.2654297614539947,0
CUST-105017,0.2654297614539947,0
CUST-104016,0.2654297614539947,0
CUST-102328,0.2654297614539947,0
CUST-104306,0.2654297614539947,0
CUST-105077,0.2654297614539947,0
CUST-101950,0.2654297614539947,0
CUST-102622,0.2654297614539947,0
CUST-100296,0.2654297614539947,0
CUST-105516,0.2654297614539947,0
CUST-106529,0.2654297614539947,0
CUST-100826,0.2654297614539947,0
CUST-100975,0.2654297614539947,0
CUST-101361,0.2654297614539947,0
CUST-104331,0.2654297614539947,0
CUST-103249,0.2654297614539947,0
CUST-105981,0.2654297614539947,0
CUST-101817,0.2654297614539947,0
CUST-106975,0.2654297614539947,0
CUST-100039,0.2654297614539947,0
CUST-105563,0.2654297614539947,0
CUST-105972,0.2654297614539947,0
CUST-103755,0.2654297614539947,0
CUST-100492,0.2654297614539947,0
CUST-104564,0.2654297614539947,0
CUST-103809,0.2654297614539947,0
CUST-102434,0.2654297614539947,0
CUST-105586,0.2654297614539947,0
CUST-104530,0.2654297614539947,0
CUST-100935,0.2654297614539947,0
CUST-102920,0.2654297614539947,0
CUST-105696,0.2654297614539947,0
CUST-100431,0.2654297614539947,0
CUST-100891,0.2654297614539947,0
CUST-105112,0.2654297614539947,0
CUST-103757,0.2654297614539947,0
CUST-105694,0.2654297614539947,0
CUST-101685,0.2654297614539947,0
CUST-101141,0.2654297614539947,0
CUST-105861,0.2654297614539947,0
CUST-100757,0.2654297614539947,0
CUST-100345,0.2654297614539947,0
CUST-105442,0.2654297614539947,0
CUST-105781,0.2654297614539947,0
CUST-105358,0.2654297614539947,0
CUST-102576,0.2654297614539947,0
CUST-100892,0.2654297614539947,0
CUST-102512,0.2654297614539947,0
CUST-103810,0.2654297614539947,0
CUST-100286,0.2654297614539947,0
CUST-104771,0.2654297614539947,0
CUST-101155,0.2654297614539947,0
CUST-104126,0.2654297614539947,0
CUST-106500,0.2654297614539947,0
CUST-105774,0.2654297614539947,0
CUST-105714,0.2654297614539947,0
CUST-105449,0.2654297614539947,0
CUST-105217,0.2654297614539947,0
CUST-103169,0.2654297614539947,0
CUST-105542,0.2654297614539947,0
CUST-103450,0.2654297614539947,0
CUST-101682,0.2654297614539947,0
CUST-101600,0.2654297614539947,0
CUST-104614,0.2654297614539947,0
CUST-104746,0.2654297614539947,0
CUST-100586,0.2654297614539947,0
CUST-104979,0.2654297614539947,0
CUST-105900,0.2654297614539947,0
CUST-101136,0.2654297614539947,0
CUST-106112,0.2654297614539947,0
CUST-102692,0.2654297614539947,0
CUST-102707,0.2654297614539947,0
CUST-102382,0.2654297614539947,0
CUST-106616,0.2654297614539947,0
CUST-105967,0.2654297614539947,0
CUST-106913,0.2654297614539947,0
CUST-101469,0.2654297614539947,0
CUST-102405,0.2654297614539947,0
CUST-103103,0.2654297614539947,0
CUST-105565,0.2654297614539947,0
CUST-100592,0.2654297614539947,0
CUST-102523,0.2654297614539947,0
CUST-102059,0.2654297614539947,0
CUST-104585,0.2654297614539947,0
CUST-105713,0.2654297614539947,0
CUST-106585,0.2654297614539947,0
CUST-100519,0.2654297614539947,0
CUST-103575,0.2654297614539947,0
CUST-101958,0.2654297614539947,0
CUST-100461,0.2654297614539947,0
CUST-105090,0.2654297614539947,0
CUST-101662,0.2654297614539947,0
CUST-104018,0.2654297614539947,0
CUST-100621,0.2654297614539947,0
CUST-100383,0.2654297614539947,0
CUST-103280,0.2654297614539947,0
CUST-103404,0.2654297614539947,0
CUST-105554,0.2654297614539947,0
CUST-105573,0.2654297614539947,0
CUST-101170,0.2654297614539947,0
CUST-105856,0.2654297614539947,0
CUST-101179,0.2654297614539947,0
CUST-106614,0.2654297614539947,0
CUST-106833,0.2654297614539947,0
CUST-105429,0.2654297614539947,0
CUST-102768,0.2654297614539947,0
CUST-100188,0.2654297614539947,0
CUST-105224,0.2654297614539947,0
CUST-103001,0.2654297614539947,0
CUST-104004,0.2654297614539947,0
CUST-104824,0.2654297614539947,0
CUST-105699,0.2654297614539947,0
CUST-104890,0.2654297614539947,0
CUST-101187,0.2654297614539947,0
CUST-103088,0.2654297614539947,0
CUST-103963,0.2654297614539947,0
CUST-103213,0.2654297614539947,0
CUST-105338,0.2654297614539947,0
CUST-104207,0.2654297614539947,0
CUST-106076,0.2654297614539947,0
CUST-105034,0.2654297614539947,0
CUST-106463,0.2654297614539947,0
CUST-101284,0.2654297614539947,0
CUST-105339,0.2654297614539947,0
CUST-103838,0.2654297614539947,0
CUST-102729,0.2654297614539947,0
CUST-100936,0.2654297614539947,0
CUST-104640,0.2654297614539947,0
CUST-104999,0.2654297614539947,0
CUST-106136,0.2654297614539947,0
CUST-103272,0.2654297614539947,0
CUST-100037,0.2654297614539947,0
CUST-106998,0.2654297614539947,0
CUST-107017,0.2654297614539947,0
CUST-103194,0.2654297614539947,0
CUST-106816,0.2654297614539947,0
CUST-102083,0.2654297614539947,0
CUST-104919,0.2654297614539947,0
CUST-104571,0.2654297614539947,0
CUST-106660,0.2654297614539947,0
CUST-101997,0.2654297614539947,0
CUST-101954,0.2654297614539947,0
CUST-106020,0.2654297614539947,0
CUST-100315,0.2654297614539947,0
CUST-101979,0.2654297614539947,0
CUST-102360,0.2654297614539947,0
CUST-102394,0.2654297614539947,0
CUST-102246,0.2654297614539947,0
CUST-106799,0.2654297614539947,0
CUST-103364,0.2654297614539947,0
CUST-104682,0.2654297614539947,0
CUST-100430,0.2654297614539947,0
CUST-100263,0.2654297614539947,0
CUST-105167,0.2654297614539947,0
CUST-100865,0.2654297614539947,0
CUST-101806,0.2654297614539947,0
CUST-100678,0.2654297614539947,0
CUST-106337,0.2654297614539947,0
CUST-105420,0.2654297614539947,0
CUST-104003,0.2654297614539947,0
CUST-103044,0.2654297614539947,0
CUST-105038,0.2654297614539947,0
CUST-106658,0.2654297614539947,0
CUST-105665,0.2654297614539947,0
CUST-101854,0.2654297614539947,0
CUST-104093,0.2654297614539947,0
CUST-104580,0.2654297614539947,0
CUST-102452,0.2654297614539947,0
CUST-102652,0.2654297614539947,0
CUST-106127,0.2654297614539947,0
CUST-101953,0.2654297614539947,0
CUST-100714,0.2654297614539947,0
CUST-105769,0.2654297614539947,0
CUST-102446,0.2654297614539947,0
CUST-104677,0.2654297614539947,0
CUST-106713,0.2654297614539947,0
CUST-106830,0.2654297614539947,0
CUST-102168,0.2654297614539947,0
CUST-103130,0.2654297614539947,0
CUST-101429,0.2654297614539947,0
CUST-104854,0.2654297614539947,0
CUST-104535,0.2654297614539947,0
CUST-101509,0.2654297614539947,0
CUST-105099,0.2654297614539947,0
CUST-101285,0.2654297614539947,0
CUST-106944,0.2654297614539947,0
CUST-105056,0.2654297614539947,0
CUST-106008,0.2654297614539947,0
CUST-103729,0.2654297614539947,0
CUST-102796,0.2654297614539947,0
CUST-101522,0.2654297614539947,0
CUST-106644,0.2654297614539947,0
CUST-106242,0.2654297614539947,0
CUST-104025,0.2654297614539947,0
CUST-103017,0.2654297614539947,0
CUST-100006,0.2654297614539947,0
CUST-102988,0.2654297614539947,0
CUST-102408,0.2654297614539947,0
CUST-103105,0.2654297614539947,0
CUST-103560,0.2654297614539947,0
CUST-104250,0.2654297614539947,0
CUST-101424,0.2654297614539947,0
CUST-105927,0.2654297614539947,0
CUST-100474,0.2654297614539947,0
CUST-105583,0.2654297614539947,0
CUST-105156,0.2654297614539947,0
CUST-100244,0.2654297614539947,0
CUST-102706,0.2654297614539947,0
CUST-106815,0.2654297614539947,0
CUST-100155,0.2654297614539947,0
CUST-106502,0.2654297614539947,0
CUST-106835,0.2654297614539947,0
CUST-104740,0.2654297614539947,0
CUST-104767,0.2654297614539947,0
CUST-102628,0.2654297614539947,0
CUST-100372,0.2654297614539947,0
CUST-106822,0.2654297614539947,0
CUST-100193,0.2654297614539947,0
CUST-104452,0.2654297614539947,0
CUST-105057,0.2654297614539947,0
CUST-102989,0.2654297614539947,0
CUST-105915,0.2654297614539947,0
CUST-103002,0.2654297614539947,0
CUST-104111,0.2654297614539947,0
CUST-104884,0.2654297614539947,0
CUST-106852,0.2654297614539947,0
CUST-105709,0.2654297614539947,0
CUST-101326,0.2654297614539947,0
CUST-106195,0.2654297614539947,0
CUST-103700,0.2654297614539947,0
CUST-105547,0.2654297614539947,0
CUST-105619,0.2654297614539947,0
CUST-104973,0.2654297614539947,0
CUST-105788,0.2654297614539947,0
CUST-102491,0.2654297614539947,0
CUST-105997,0.2654297614539947,0
CUST-105700,0.2654297614539947,0
CUST-106063,0.2654297614539947,0
CUST-101881,0.2654297614539947,0
CUST-106228,0.2654297614539947,0
CUST-106876,0.2654297614539947,0
CUST-100322,0.2654297614539947,0
CUST-103311,0.2654297614539947,0
CUST-100272,0.2654297614539947,0
CUST-103790,0.2654297614539947,0
CUST-104072,0.2654297614539947,0
CUST-104609,0.2654297614539947,0
CUST-105524,0.2654297614539947,0
CUST-104689,0.2654297614539947,0
CUST-104909,0.2654297614539947,0
CUST-105608,0.2654297614539947,0
CUST-105390,0.2654297614539947,0
CUST-100137,0.2654297614539947,0
CUST-106458,0.2654297614539947,0
CUST-105003,0.2654297614539947,0
CUST-101298,0.2654297614539947,0
CUST-107037,0.2654297614539947,0
CUST-103579,0.2654297614539947,0
CUST-101147,0.2654297614539947,0
CUST-105568,0.2654297614539947,0
CUST-100144,0.2654297614539947,0
CUST-100928,0.2654297614539947,0
CUST-103352,0.2654297614539947,0
CUST-105457,0.2654297614539947,0
CUST-101180,0.2654297614539947,0
CUST-103062,0.2654297614539947,0
CUST-103195,0.2654297614539947,0
CUST-105183,0.2654297614539947,0
CUST-100389,0.2654297614539947,0
CUST-105394,0.2654297614539947,0
CUST-103981,0.2654297614539947,0
CUST-106501,0.2654297614539947,0
CUST-103173,0.2654297614539947,0
CUST-100974,0.2654297614539947,0
CUST-100493,0.2654297614539947,0
CUST-100214,0.2654297614539947,0
CUST-106945,0.2654297614539947,0
CUST-102458,0.2654297614539947,0
CUST-103908,0.2654297614539947,0
CUST-100801,0.2654297614539947,0
CUST-106687,0.2654297614539947,0
CUST-106362,0.2654297614539947,0
CUST-106189,0.2654297614539947,0
CUST-103639,0.2654297614539947,0
CUST-100395,0.2654297614539947,0
CUST-104736,0.2654297614539947,0
CUST-104123,0.2654297614539947,0
CUST-105823,0.2654297614539947,0
CUST-103813,0.2654297614539947,0
CUST-103433,0.2654297614539947,0
CUST-100574,0.2654297614539947,0
CUST-101228,0.2654297614539947,0
CUST-105587,0.2654297614539947,0
CUST-104245,0.2654297614539947,0
CUST-105264,0.2654297614539947,0
CUST-102390,0.2654297614539947,0
CUST-105301,0.2654297614539947,0
CUST-106109,0.2654297614539947,0
CUST-100668,0.2654297614539947,0
CUST-104744,0.2654297614539947,0
CUST-100911,0.2654297614539947,0
CUST-106535,0.2654297614539947,0
CUST-103641,0.2654297614539947,0
CUST-102864,0.2654297614539947,0
CUST-100257,0.2654297614539947,0
CUST-101030,0.2654297614539947,0
CUST-106821,0.2654297614539947,0
CUST-105624,0.2654297614539947,0
CUST-103464,0.2654297614539947,0
CUST-106226,0.2654297614539947,0
CUST-105352,0.2654297614539947,0
CUST-106634,0.2654297614539947,0
CUST-104330,0.2654297614539947,0
CUST-106954,0.2654297614539947,0
CUST-106949,0.2654297614539947,0
CUST-100486,0.2654297614539947,0
CUST-103142,0.2654297614539947,0
CUST-101111,0.2654297614539947,0
CUST-102130,0.2654297614539947,0
CUST-102854,0.2654297614539947,0
CUST-106689,0.2654297614539947,0
CUST-105912,0.2654297614539947,0
CUST-102736,0.2654297614539947,0
CUST-105947,0.2654297614539947,0
CUST-106102,0.2654297614539947,0
CUST-104553,0.2654297614539947,0
CUST-106209,0.2654297614539947,0
CUST-102418,0.2654297614539947,0
CUST-103837,0.2654297614539947,0
CUST-100243,0.2654297614539947,0
CUST-106052,0.2654297614539947,0
CUST-103897,0.2654297614539947,0
CUST-101838,0.2654297614539947,0
CUST-100341,0.2654297614539947,0
CUST-106825,0.2654297614539947,0
CUST-101283,0.2654297614539947,0
CUST-101706,0.2654297614539947,0
CUST-104814,0.2654297614539947,0
CUST-106346,0.2654297614539947,0
CUST-106573,0.2654297614539947,0
CUST-100903,0.2654297614539947,0
CUST-100580,0.2654297614539947,0
CUST-105557,0.2654297614539947,0
CUST-104723,0.2654297614539947,0
CUST-101153,0.2654297614539947,0
CUST-105342,0.2654297614539947,0
CUST-101191,0.2654297614539947,0
CUST-101357,0.2654297614539947,0
CUST-102419,0.2654297614539947,0
CUST-101618,0.2654297614539947,0
CUST-103618,0.2654297614539947,0
CUST-102931,0.2654297614539947,0
CUST-103775,0.2654297614539947,0
CUST-106857,0.2654297614539947,0
CUST-100930,0.2654297614539947,0
CUST-100418,0.2654297614539947,0
CUST-106865,0.2654297614539947,0
CUST-104144,0.2654297614539947,0
CUST-102186,0.2654297614539947,0
CUST-104120,0.2654297614539947,0
CUST-103453,0.2654297614539947,0
CUST-103273,0.2654297614539947,0
CUST-104172,0.2654297614539947,0
CUST-105754,0.2654297614539947,0
CUST-100566,0.2654297614539947,0
CUST-101332,0.2654297614539947,0
CUST-101572,0.2654297614539947,0
CUST-102151,0.2654297614539947,0
CUST-100124,0.2654297614539947,0
CUST-103957,0.2654297614539947,0
CUST-104838,0.2654297614539947,0
CUST-103642,0.2654297614539947,0
CUST-105448,0.2654297614539947,0
CUST-106826,0.2654297614539947,0
CUST-104242,0.2654297614539947,0
CUST-102082,0.2654297614539947,0
CUST-100042,0.2654297614539947,0
CUST-101930,0.2654297614539947,0
CUST-100569,0.2654297614539947,0
CUST-102618,0.2654297614539947,0
CUST-100289,0.2654297614539947,0
CUST-105406,0.2654297614539947,0
CUST-103881,0.2654297614539947,0
CUST-102406,0.2654297614539947,0
CUST-100379,0.2654297614539947,0
CUST-105293,0.2654297614539947,0
CUST-105104,0.2654297614539947,0
CUST-105738,0.2654297614539947,0
CUST-100437,0.2654297614539947,0
CUST-100326,0.2654297614539947,0
CUST-105622,0.2654297614539947,0
CUST-100642,0.2654297614539947,0
CUST-101143,0.2654297614539947,0
CUST-106705,0.2654297614539947,0
CUST-103835,0.2654297614539947,0
CUST-101301,0.2654297614539947,0
CUST-106049,0.2654297614539947,0
CUST-102579,0.2654297614539947,0
CUST-105165,0.2654297614539947,0
CUST-101172,0.2654297614539947,0
CUST-104821,0.2654297614539947,0
CUST-106871,0.2654297614539947,0
CUST-103660,0.2654297614539947,0
CUST-102016,0.2654297614539947,0
CUST-106243,0.2654297614539947,0
CUST-105732,0.2654297614539947,0
CUST-101586,0.2654297614539947,0
CUST-101082,0.2654297614539947,0
CUST-100425,0.2654297614539947,0
CUST-105402,0.2654297614539947,0
CUST-100158,0.2654297614539947,0
CUST-102733,0.2654297614539947,0
CUST-104658,0.2654297614539947,0
CUST-103008,0.2654297614539947,0
CUST-105923,0.2654297614539947,0
CUST-103823,0.2654297614539947,0
CUST-100255,0.2654297614539947,0
CUST-102212,0.2654297614539947,0
CUST-100466,0.2654297614539947,0
CUST-105076,0.2654297614539947,0
CUST-106398,0.2654297614539947,0
CUST-102055,0.2654297614539947,0
CUST-105863,0.2654297614539947,0
CUST-103831,0.2654297614539947,0
CUST-102978,0.2654297614539947,0
CUST-106560,0.2654297614539947,0
CUST-105839,0.2654297614539947,0
CUST-100530,0.2654297614539947,0
CUST-106345,0.2654297614539947,0
CUST-105761,0.2654297614539947,0
CUST-104229,0.2654297614539947,0
CUST-101642,0.2654297614539947,0
CUST-103163,0.2654297614539947,0
CUST-106300,0.2654297614539947,0
CUST-105286,0.2654297614539947,0
CUST-101668,0.2654297614539947,0
CUST-103099,0.2654297614539947,0
CUST-103036,0.2654297614539947,0
CUST-102743,0.2654297614539947,0
CUST-100762,0.2654297614539947,0
CUST-101479,0.2654297614539947,0
CUST-103386,0.2654297614539947,0
CUST-102662,0.2654297614539947,0
CUST-101830,0.2654297614539947,0
CUST-101672,0.2654297614539947,0
CUST-103403,0.2654297614539947,0
CUST-104178,0.2654297614539947,0
CUST-103070,0.2654297614539947,0
CUST-105664,0.2654297614539947,0
CUST-101428,0.2654297614539947,0
CUST-100602,0.2654297614539947,0
CUST-105540,0.2654297614539947,0
CUST-106732,0.2654297614539947,0
CUST-106434,0.2654297614539947,0
CUST-102129,0.2654297614539947,0
CUST-106047,0.2654297614539947,0
CUST-106359,0.2654297614539947,0
CUST-106981,0.2654297614539947,0
CUST-103256,0.2654297614539947,0
CUST-106286,0.2654297614539947,0
CUST-101611,0.2654297614539947,0
CUST-103787,0.2654297614539947,0
CUST-103524,0.2654297614539947,0
CUST-104908,0.2654297614539947,0
CUST-102623,0.2654297614539947,0
CUST-104604,0.2654297614539947,0
CUST-101751,0.2654297614539947,0
CUST-101374,0.2654297614539947,0
CUST-105527,0.2654297614539947,0
CUST-100894,0.2654297614539947,0
CUST-105848,0.2654297614539947,0
CUST-101835,0.2654297614539947,0
CUST-100980,0.2654297614539947,0
CUST-103678,0.2654297614539947,0
CUST-106343,0.2654297614539947,0
CUST-101727,0.2654297614539947,0
CUST-105085,0.2654297614539947,0
CUST-106957,0.2654297614539947,0
CUST-104300,0.2654297614539947,0
CUST-103472,0.2654297614539947,0
CUST-101542,0.2654297614539947,0
CUST-103075,0.2654297614539947,0
CUST-106561,0.2654297614539947,0
CUST-101062,0.2654297614539947,0
CUST-101999,0.2654297614539947,0
CUST-102179,0.2654297614539947,0
CUST-105437,0.2654297614539947,0
CUST-100560,0.2654297614539947,0
CUST-105514,0.2654297614539947,0
CUST-106264,0.2654297614539947,0
CUST-102396,0.2654297614539947,0
CUST-106014,0.2654297614539947,0
CUST-100181,0.2654297614539947,0
CUST-106578,0.2654297614539947,0
CUST-100084,0.2654297614539947,0
CUST-100858,0.2654297614539947,0
CUST-102709,0.2654297614539947,0
CUST-102479,0.2654297614539947,0
CUST-106930,0.2654297614539947,0
CUST-105925,0.2654297614539947,0
CUST-103769,0.2654297614539947,0
CUST-103369,0.2654297614539947,0
CUST-100673,0.2654297614539947,0
CUST-106295,0.2654297614539947,0
CUST-100165,0.2654297614539947,0
CUST-101318,0.2654297614539947,0
CUST-104060,0.2654297614539947,0
CUST-105220,0.2654297614539947,0
CUST-103224,0.2654297614539947,0
CUST-102665,0.2654297614539947,0
CUST-102759,0.2654297614539947,0
CUST-105840,0.2654297614539947,0
CUST-100671,0.2654297614539947,0
CUST-102221,0.2654297614539947,0
CUST-104776,0.2654297614539947,0
CUST-106877,0.2654297614539947,0
CUST-103743,0.2654297614539947,0
CUST-106652,0.2654297614539947,0
CUST-106310,0.2654297614539947,0
CUST-104625,0.2654297614539947,0
CUST-103289,0.2654297614539947,0
CUST-105647,0.2654297614539947,0
CUST-106261,0.2654297614539947,0
CUST-105837,0.2654297614539947,0
CUST-103159,0.2654297614539947,0
CUST-101496,0.2654297614539947,0
CUST-102719,0.2654297614539947,0
CUST-101083,0.2654297614539947,0
CUST-106338,0.2654297614539947,0
CUST-105642,0.2654297614539947,0
CUST-102159,0.2654297614539947,0
CUST-103976,0.2654297614539947,0
CUST-106555,0.2654297614539947,0
CUST-102651,0.2654297614539947,0
CUST-102838,0.2654297614539947,0
CUST-100622,0.2654297614539947,0
CUST-105221,0.2654297614539947,0
CUST-106082,0.2654297614539947,0
CUST-103541,0.2654297614539947,0
CUST-104394,0.2654297614539947,0
CUST-103551,0.2654297614539947,0
CUST-102163,0.2654297614539947,0
CUST-101651,0.2654297614539947,0
CUST-104333,0.2654297614539947,0
CUST-100693,0.2654297614539947,0
CUST-104722,0.2654297614539947,0
CUST-106612,0.2654297614539947,0
CUST-104512,0.2654297614539947,0
CUST-104291,0.2654297614539947,0
CUST-100989,0.2654297614539947,0
CUST-102902,0.2654297614539947,0
CUST-102070,0.2654297614539947,0
CUST-102269,0.2654297614539947,0
CUST-104605,0.2654297614539947,0
CUST-100746,0.2654297614539947,0
CUST-106406,0.2654297614539947,0
CUST-104190,0.2654297614539947,0
CUST-105291,0.2654297614539947,0
CUST-104624,0.2654297614539947,0
CUST-104508,0.2654297614539947,0
CUST-101177,0.2654297614539947,0
CUST-103034,0.2654297614539947,0
CUST-104198,0.2654297614539947,0
CUST-106853,0.2654297614539947,0
CUST-105181,0.2654297614539947,0
CUST-101643,0.2654297614539947,0
CUST-100159,0.2654297614539947,0
CUST-103291,0.2654297614539947,0
CUST-104678,0.2654297614539947,0
CUST-106410,0.2654297614539947,0
CUST-103359,0.2654297614539947,0
CUST-105653,0.2654297614539947,0
CUST-104581,0.2654297614539947,0
CUST-105208,0.2654297614539947,0
CUST-100732,0.2654297614539947,0
CUST-100897,0.2654297614539947,0
CUST-105389,0.2654297614539947,0
CUST-100120,0.2654297614539947,0
CUST-104720,0.2654297614539947,0
CUST-102578,0.2654297614539947,0
CUST-100790,0.2654297614539947,0
CUST-101673,0.2654297614539947,0
CUST-101262,0.2654297614539947,0
CUST-103901,0.2654297614539947,0
CUST-105259,0.2654297614539947,0
CUST-106907,0.2654297614539947,0
CUST-105827,0.2654297614539947,0
CUST-102046,0.2654297614539947,0
CUST-100634,0.2654297614539947,0
CUST-102352,0.2654297614539947,0
CUST-104454,0.2654297614539947,0
CUST-103782,0.2654297614539947,0
CUST-100872,0.2654297614539947,0
CUST-103970,0.2654297614539947,0
CUST-100776,0.2654297614539947,0
CUST-106707,0.2654297614539947,0
CUST-105934,0.2654297614539947,0
CUST-101649,0.2654297614539947,0
CUST-103277,0.2654297614539947,0
CUST-102099,0.2654297614539947,0
CUST-102366,0.2654297614539947,0
CUST-101182,0.2654297614539947,0
CUST-105801,0.2654297614539947,0
CUST-103292,0.2654297614539947,0
CUST-102291,0.2654297614539947,0
CUST-102213,0.2654297614539947,0
CUST-106141,0.2654297614539947,0
CUST-104478,0.2654297614539947,0
CUST-103864,0.2654297614539947,0
CUST-105380,0.2654297614539947,0
CUST-105998,0.2654297614539947,0
CUST-101891,0.2654297614539947,0
CUST-104849,0.2654297614539947,0
CUST-100948,0.2654297614539947,0
CUST-100681,0.2654297614539947,0
CUST-101991,0.2654297614539947,0
CUST-105965,0.2654297614539947,0
CUST-101594,0.2654297614539947,0
CUST-106745,0.2654297614539947,0
CUST-106554,0.2654297614539947,0
CUST-104573,0.2654297614539947,0
CUST-106582,0.2654297614539947,0
CUST-104817,0.2654297614539947,0
CUST-102896,0.2654297614539947,0
CUST-104348,0.2654297614539947,0
CUST-107014,0.2654297614539947,0
CUST-104671,0.2654297614539947,0
CUST-101380,0.2654297614539947,0
CUST-104599,0.2654297614539947,0
CUST-104240,0.2654297614539947,0
CUST-102710,0.2654297614539947,0
CUST-101984,0.2654297614539947,0
CUST-101670,0.2654297614539947,0
CUST-105020,0.2654297614539947,0
CUST-103354,0.2654297614539947,0
CUST-104940,0.2654297614539947,0
CUST-106384,0.2654297614539947,0
CUST-103189,0.2654297614539947,0
CUST-102801,0.2654297614539947,0
CUST-103473,0.2654297614539947,0
CUST-101616,0.2654297614539947,0
CUST-106128,0.2654297614539947,0
CUST-103059,0.2654297614539947,0
CUST-101168,0.2654297614539947,0
CUST-106703,0.2654297614539947,0
CUST-105513,0.2654297614539947,0
CUST-106340,0.2654297614539947,0
CUST-104953,0.2654297614539947,0
CUST-106440,0.2654297614539947,0
CUST-105768,0.2654297614539947,0
CUST-104314,0.2654297614539947,0
CUST-101096,0.2654297614539947,0
CUST-102402,0.2654297614539947,0
CUST-106814,0.2654297614539947,0
CUST-100854,0.2654297614539947,0
CUST-102049,0.2654297614539947,0
CUST-104761,0.2654297614539947,0
CUST-105683,0.2654297614539947,0
CUST-105816,0.2654297614539947,0
CUST-104367,0.2654297614539947,0
CUST-101000,0.2654297614539947,0
CUST-101430,0.2654297614539947,0
CUST-104706,0.2654297614539947,0
CUST-106065,0.2654297614539947,0
CUST-102834,0.2654297614539947,0
CUST-103095,0.2654297614539947,0
CUST-101097,0.2654297614539947,0
CUST-101910,0.2654297614539947,0
CUST-100902,0.2654297614539947,0
CUST-105182,0.2654297614539947,0
CUST-102524,0.2654297614539947,0
CUST-106476,0.2654297614539947,0
CUST-100483,0.2654297614539947,0
CUST-101125,0.2654297614539947,0
CUST-103583,0.2654297614539947,0
CUST-100358,0.2654297614539947,0
CUST-102208,0.2654297614539947,0
CUST-101894,0.2654297614539947,0
CUST-101366,0.2654297614539947,0
CUST-100288,0.2654297614539947,0
CUST-102481,0.2654297614539947,0
CUST-102211,0.2654297614539947,0
CUST-105320,0.2654297614539947,0
CUST-106251,0.2654297614539947,0
CUST-106813,0.2654297614539947,0
CUST-101635,0.2654297614539947,0
CUST-103780,0.2654297614539947,0
CUST-104010,0.2654297614539947,0
CUST-101769,0.2654297614539947,0
CUST-105763,0.2654297614539947,0
CUST-105721,0.2654297614539947,0
CUST-102680,0.2654297614539947,0
CUST-102549,0.2654297614539947,0
CUST-100196,0.2654297614539947,0
CUST-100987,0.2654297614539947,0
CUST-104916,0.2654297614539947,0
CUST-100943,0.2654297614539947,0
CUST-101543,0.2654297614539947,0
CUST-102934,0.2654297614539947,0
CUST-102615,0.2654297614539947,0
CUST-102206,0.2654297614539947,0
CUST-101004,0.2654297614539947,0
CUST-104681,0.2654297614539947,0
CUST-105957,0.2654297614539947,0
CUST-101704,0.2654297614539947,0
CUST-101870,0.2654297614539947,0
CUST-102956,0.2654297614539947,0
CUST-102136,0.2654297614539947,0
CUST-101556,0.2654297614539947,0
CUST-100800,0.2654297614539947,0
CUST-105157,0.2654297614539947,0
CUST-105174,0.2654297614539947,0
CUST-106455,0.2654297614539947,0
CUST-104575,0.2654297614539947,0
CUST-103466,0.2654297614539947,0
CUST-101748,0.2654297614539947,0
CUST-100230,0.2654297614539947,0
CUST-102981,0.2654297614539947,0
CUST-104760,0.2654297614539947,0
CUST-105924,0.2654297614539947,0
CUST-101724,0.2654297614539947,0
CUST-100736,0.2654297614539947,0
CUST-101460,0.2654297614539947,0
CUST-101443,0.2654297614539947,0
CUST-106787,0.2654297614539947,0
CUST-105411,0.2654297614539947,0
CUST-103540,0.2654297614539947,0
CUST-100559,0.2654297614539947,0
CUST-105918,0.2654297614539947,0
CUST-105889,0.2654297614539947,0
CUST-104743,0.2654297614539947,0
CUST-100926,0.2654297614539947,0
CUST-100886,0.2654297614539947,0
CUST-104774,0.2654297614539947,0
CUST-105436,0.2654297614539947,0
CUST-102184,0.2654297614539947,0
CUST-104043,0.2654297614539947,0
CUST-106057,0.2654297614539947,0
CUST-100011,0.2654297614539947,0
CUST-102376,0.2654297614539947,0
CUST-104858,0.2654297614539947,0
CUST-100616,0.2654297614539947,0
CUST-105272,0.2654297614539947,0
CUST-101201,0.2654297614539947,0
CUST-105257,0.2654297614539947,0
CUST-103360,0.2654297614539947,0
CUST-106111,0.2654297614539947,0
CUST-105866,0.2654297614539947,0
CUST-102025,0.2654297614539947,0
CUST-100415,0.2654297614539947,0
CUST-103727,0.2654297614539947,0
CUST-104265,0.2654297614539947,0
CUST-104888,0.2654297614539947,0
CUST-103111,0.2654297614539947,0
CUST-104374,0.2654297614539947,0
CUST-101749,0.2654297614539947,0
CUST-100256,0.2654297614539947,0
CUST-105987,0.2654297614539947,0
CUST-102018,0.2654297614539947,0
CUST-106496,0.2654297614539947,0
CUST-104251,0.2654297614539947,0
CUST-103000,0.2654297614539947,0
CUST-105522,0.2654297614539947,0
CUST-102220,0.2654297614539947,0
CUST-100302,0.2654297614539947,0
CUST-100629,0.2654297614539947,0
CUST-105158,0.2654297614539947,0
CUST-103827,0.2654297614539947,0
CUST-106900,0.2654297614539947,0
CUST-100813,0.2654297614539947,0
CUST-106854,0.2654297614539947,0
CUST-106927,0.2654297614539947,0
CUST-102185,0.2654297614539947,0
CUST-104174,0.2654297614539947,0
CUST-105062,0.2654297614539947,0
CUST-105996,0.2654297614539947,0
CUST-102900,0.2654297614539947,0
CUST-105723,0.2654297614539947,0
CUST-101244,0.2654297614539947,0
CUST-104903,0.2654297614539947,0
CUST-104628,0.2654297614539947,0
CUST-103192,0.2654297614539947,0
CUST-105505,0.2654297614539947,0
CUST-102582,0.2654297614539947,0
CUST-101108,0.2654297614539947,0
CUST-104603,0.2654297614539947,0
CUST-101375,0.2654297614539947,0
CUST-106427,0.2654297614539947,0
CUST-104943,0.2654297614539947,0
CUST-100864,0.2654297614539947,0
CUST-106364,0.2654297614539947,0
CUST-100210,0.2654297614539947,0
CUST-103905,0.2654297614539947,0
CUST-106518,0.2654297614539947,0
CUST-101468,0.2654297614539947,0
CUST-102996,0.2654297614539947,0
CUST-105065,0.2654297614539947,0
CUST-103594,0.2654297614539947,0
CUST-106677,0.2654297614539947,0
CUST-102787,0.2654297614539947,0
CUST-103440,0.2654297614539947,0
CUST-101819,0.2654297614539947,0
CUST-101621,0.2654297614539947,0
CUST-102449,0.2654297614539947,0
CUST-101839,0.2654297614539947,0
CUST-104562,0.2654297614539947,0
CUST-100234,0.2654297614539947,0
CUST-102761,0.2654297614539947,0
CUST-102757,0.2654297614539947,0
CUST-105081,0.2654297614539947,0
CUST-101610,0.2654297614539947,0
CUST-102490,0.2654297614539947,0
CUST-106031,0.2654297614539947,0
CUST-102474,0.2654297614539947,0
CUST-100584,0.2654297614539947,0
CUST-105743,0.2654297614539947,0
CUST-104164,0.2654297614539947,0
CUST-102929,0.2654297614539947,0
CUST-106223,0.2654297614539947,0
CUST-106856,0.2654297614539947,0
CUST-102839,0.2654297614539947,0
CUST-105367,0.2654297614539947,0
CUST-103220,0.2654297614539947,0
CUST-106810,0.2654297614539947,0
CUST-106873,0.2654297614539947,0
CUST-106886,0.2654297614539947,0
CUST-100073,0.2654297614539947,0
CUST-105771,0.2654297614539947,0
CUST-106730,0.2654297614539947,0
CUST-106382,0.2654297614539947,0
CUST-103170,0.2654297614539947,0
CUST-101765,0.2654297614539947,0
CUST-103538,0.2654297614539947,0
CUST-103995,0.2654297614539947,0
CUST-101737,0.2654297614539947,0
CUST-100715,0.2654297614539947,0
CUST-101338,0.2654297614539947,0
CUST-106098,0.2654297614539947,0
CUST-105233,0.2654297614539947,0
CUST-105294,0.2654297614539947,0
CUST-100819,0.2654297614539947,0
CUST-104189,0.2654297614539947,0
CUST-103390,0.2654297614539947,0
CUST-104048,0.2654297614539947,0
CUST-104929,0.2654297614539947,0
CUST-104046,0.2654297614539947,0
CUST-105001,0.2654297614539947,0
CUST-104158,0.2654297614539947,0
CUST-104509,0.2654297614539947,0
CUST-104636,0.2654297614539947,0
CUST-106118,0.2654297614539947,0
CUST-102672,0.2654297614539947,0
CUST-106183,0.2654297614539947,0
CUST-101080,0.2654297614539947,0
CUST-106452,0.2654297614539947,0
CUST-100173,0.2654297614539947,0
CUST-100544,0.2654297614539947,0
CUST-106138,0.2654297614539947,0
CUST-100620,0.2654297614539947,0
CUST-104319,0.2654297614539947,0
CUST-105880,0.2654297614539947,0
CUST-104845,0.2654297614539947,0
CUST-103979,0.2654297614539947,0
CUST-103461,0.2654297614539947,0
CUST-102867,0.2654297614539947,0
CUST-105691,0.2654297614539947,0
CUST-103731,0.2654297614539947,0
CUST-105669,0.2654297614539947,0
CUST-103599,0.2654297614539947,0
CUST-102267,0.2654297614539947,0
CUST-100950,0.2654297614539947,0
CUST-104672,0.2654297614539947,0
CUST-104650,0.2654297614539947,0
CUST-106503,0.2654297614539947,0
CUST-104850,0.2654297614539947,0
CUST-105631,0.2654297614539947,0
CUST-103817,0.2654297614539947,0
CUST-103961,0.2654297614539947,0
CUST-100195,0.2654297614539947,0
CUST-102553,0.2654297614539947,0
CUST-103622,0.2654297614539947,0
CUST-103664,0.2654297614539947,0
CUST-103830,0.2654297614539947,0
CUST-103467,0.2654297614539947,0
CUST-101736,0.2654297614539947,0
CUST-104938,0.2654297614539947,0
CUST-100035,0.2654297614539947,0
CUST-101333,0.2654297614539947,0
CUST-103604,0.2654297614539947,0
CUST-106988,0.2654297614539947,0
CUST-101339,0.2654297614539947,0
CUST-105550,0.2654297614539947,0
CUST-101710,0.2654297614539947,0
CUST-101307,0.2654297614539947,0
CUST-100973,0.2654297614539947,0
CUST-103174,0.2654297614539947,0
CUST-103924,0.2654297614539947,0
CUST-104676,0.2654297614539947,0
CUST-104171,0.2654297614539947,0
CUST-106067,0.2654297614539947,0
CUST-106747,0.2654297614539947,0
CUST-100368,0.2654297614539947,0
CUST-104035,0.2654297614539947,0
CUST-100001,0.2654297614539947,0
CUST-104381,0.2654297614539947,0
CUST-105612,0.2654297614539947,0
CUST-100606,0.2654297614539947,0
CUST-104993,0.2654297614539947,0
CUST-104794,0.2654297614539947,0
CUST-104183,0.2654297614539947,0
CUST-102621,0.2654297614539947,0
CUST-103954,0.2654297614539947,0
CUST-101538,0.2654297614539947,0
CUST-101330,0.2654297614539947,0
CUST-102901,0.2654297614539947,0
CUST-105489,0.2654297614539947,0
CUST-102762,0.2654297614539947,0
CUST-101906,0.2654297614539947,0
CUST-103076,0.2654297614539947,0
CUST-100209,0.2654297614539947,0
CUST-103051,0.2654297614539947,0
CUST-101157,0.2654297614539947,0
CUST-106566,0.2654297614539947,0
CUST-106906,0.2654297614539947,0
CUST-102033,0.2654297614539947,0
CUST-102166,0.2654297614539947,0
CUST-105267,0.2654297614539947,0
CUST-104204,0.2654297614539947,0
CUST-100104,0.2654297614539947,0
CUST-104536,0.2654297614539947,0
CUST-104378,0.2654297614539947,0
CUST-104713,0.2654297614539947,0
CUST-102939,0.2654297614539947,0
CUST-105593,0.2654297614539947,0
CUST-106848,0.2654297614539947,0
CUST-103468,0.2654297614539947,0
CUST-102918,0.2654297614539947,0
CUST-100713,0.2654297614539947,0
CUST-102643,0.2654297614539947,0
CUST-106571,0.2654297614539947,0
CUST-101292,0.2654297614539947,0
CUST-101598,0.2654297614539947,0
CUST-103657,0.2654297614539947,0
CUST-106866,0.2654297614539947,0
CUST-106811,0.2654297614539947,0
CUST-100534,0.2654297614539947,0
CUST-101528,0.2654297614539947,0
CUST-101243,0.2654297614539947,0
CUST-105577,0.2654297614539947,0
CUST-105135,0.2654297614539947,0
CUST-101255,0.2654297614539947,0
CUST-101568,0.2654297614539947,0
CUST-104952,0.2654297614539947,0
CUST-106233,0.2654297614539947,0
CUST-102962,0.2654297614539947,0
CUST-103741,0.2654297614539947,0
CUST-101982,0.2654297614539947,0
CUST-104311,0.2654297614539947,0
CUST-102825,0.2654297614539947,0
CUST-105897,0.2654297614539947,0
CUST-103850,0.2654297614539947,0
CUST-101427,0.2654297614539947,0
CUST-106576,0.2654297614539947,0
CUST-101286,0.2654297614539947,0
CUST-105002,0.2654297614539947,0
CUST-100767,0.2654297614539947,0
CUST-102400,0.2654297614539947,0
CUST-104083,0.2654297614539947,0
CUST-102433,0.2654297614539947,0
CUST-107026,0.2654297614539947,0
CUST-102103,0.2654297614539947,0
CUST-105617,0.2654297614539947,0
CUST-105670,0.2654297614539947,0
CUST-105941,0.2654297614539947,0
CUST-105728,0.2654297614539947,0
CUST-105152,0.2654297614539947,0
CUST-104203,0.2654297614539947,0
CUST-102940,0.2654297614539947,0
CUST-101060,0.2654297614539947,0
