image_id,predicted_label
IMG-107771,top
IMG-103564,top
IMG-105044,top
IMG-113656,top
IMG-102323,top
IMG-103572,top
IMG-103896,top
IMG-100653,top
IMG-104677,top
IMG-107562,top
IMG-108201,top
IMG-104904,top
IMG-102858,top
IMG-113548,top
IMG-101425,top
IMG-102847,top
IMG-111721,top
IMG-114864,top
IMG-102460,top
IMG-111136,top
IMG-105227,top
IMG-101405,top
IMG-101643,top
IMG-103859,top
IMG-110416,top
IMG-106009,top
IMG-108275,top
IMG-107511,top
IMG-108673,top
IMG-106379,top
IMG-111158,top
IMG-111249,top
IMG-107470,top
IMG-103036,top
IMG-103543,top
IMG-111162,top
IMG-101229,top
IMG-112650,top
IMG-111539,top
IMG-114109,top
IMG-100362,top
IMG-114551,top
IMG-105256,top
IMG-103550,top
IMG-113697,top
IMG-102518,top
IMG-105862,top
IMG-111309,top
IMG-106655,top
IMG-111991,top
IMG-102945,top
IMG-101371,top
IMG-108117,top
IMG-114576,top
IMG-101347,top
IMG-110829,top
IMG-111117,top
IMG-102997,top
IMG-114390,top
IMG-101975,top
IMG-103471,top
IMG-106564,top
IMG-102640,top
IMG-107843,top
IMG-108232,top
IMG-109790,top
IMG-111785,top
IMG-111083,top
IMG-101143,top
IMG-112561,top
IMG-113454,top
IMG-111399,top
IMG-109023,top
IMG-112257,top
IMG-105385,top
IMG-102889,top
IMG-101784,top
IMG-112695,top
IMG-103680,top
IMG-108508,top
IMG-107877,top
IMG-105964,top
IMG-112022,top
IMG-105103,top
IMG-108077,top
IMG-102054,top
IMG-112888,top
IMG-103297,top
IMG-110090,top
IMG-102042,top
IMG-103590,top
IMG-105603,top
IMG-102856,top
IMG-104980,top
IMG-103940,top
IMG-105442,top
IMG-102041,top
IMG-109970,top
IMG-106949,top
IMG-107475,top
IMG-100328,top
IMG-104852,top
IMG-109104,top
IMG-107810,top
IMG-113832,top
IMG-113539,top
IMG-104873,top
IMG-109683,top
IMG-101839,top
IMG-102624,top
IMG-112649,top
IMG-108459,top
IMG-114258,top
IMG-101778,top
IMG-100661,top
IMG-104326,top
IMG-103906,top
IMG-103110,top
IMG-102071,top
IMG-100785,top
IMG-103411,top
IMG-106783,top
IMG-111026,top
IMG-114343,top
IMG-101466,top
IMG-109706,top
IMG-112693,top
IMG-114890,top
IMG-111587,top
IMG-104263,top
IMG-110433,top
IMG-110785,top
IMG-105599,top
IMG-107274,top
IMG-105751,top
IMG-105439,top
IMG-104840,top
IMG-103224,top
IMG-101737,top
IMG-101782,top
IMG-103396,top
IMG-114416,top
IMG-113373,top
IMG-101023,top
IMG-100843,top
IMG-112279,top
IMG-113757,top
IMG-101861,top
IMG-104125,top
IMG-111328,top
IMG-111901,top
IMG-114170,top
IMG-113253,top
IMG-100394,top
IMG-106575,top
IMG-110467,top
IMG-112186,top
IMG-114040,top
IMG-101195,top
IMG-103696,top
IMG-107223,top
IMG-104696,top
IMG-113514,top
IMG-110330,top
IMG-102739,top
IMG-100105,top
IMG-112558,top
IMG-114712,top
IMG-107345,top
IMG-105647,top
IMG-102948,top
IMG-101234,top
IMG-105735,top
IMG-104246,top
IMG-113312,top
IMG-101173,top
IMG-103852,top
IMG-105429,top
IMG-103727,top
IMG-111836,top
IMG-110036,top
IMG-100888,top
IMG-112302,top
IMG-105806,top
IMG-112265,top
IMG-107504,top
IMG-110724,top
IMG-111119,top
IMG-109197,top
IMG-112110,top
IMG-101000,top
IMG-108683,top
IMG-106206,top
IMG-102581,top
IMG-106891,top
IMG-108148,top
IMG-112409,top
IMG-108621,top
IMG-114293,top
IMG-114958,top
IMG-108808,top
IMG-111368,top
IMG-111236,top
IMG-114720,top
IMG-103455,top
IMG-112763,top
IMG-105590,top
IMG-104166,top
IMG-113112,top
IMG-107966,top
IMG-109742,top
IMG-109259,top
IMG-107204,top
IMG-100747,top
IMG-109858,top
IMG-112282,top
IMG-107441,top
IMG-104882,top
IMG-105679,top
IMG-110423,top
IMG-112206,top
IMG-112091,top
IMG-107611,top
IMG-113028,top
IMG-101046,top
IMG-108772,top
IMG-101725,top
IMG-107210,top
IMG-110108,top
IMG-112504,top
IMG-104562,top
IMG-113887,top
IMG-103883,top
IMG-107953,top
IMG-105800,top
IMG-100318,top
IMG-100039,top
IMG-110135,top
IMG-101341,top
IMG-111965,top
IMG-100025,top
IMG-106079,top
IMG-114021,top
IMG-114567,top
IMG-101437,top
IMG-112830,top
IMG-100086,top
IMG-108298,top
IMG-101915,top
IMG-111590,top
IMG-104756,top
IMG-112848,top
IMG-104349,top
IMG-108390,top
IMG-113713,top
IMG-104743,top
IMG-108644,top
IMG-107618,top
IMG-108859,top
IMG-103126,top
IMG-111931,top
IMG-107641,top
IMG-106450,top
IMG-104861,top
IMG-104292,top
IMG-106525,top
IMG-104387,top
IMG-114549,top
IMG-108411,top
IMG-105376,top
IMG-113860,top
IMG-109807,top
IMG-108505,top
IMG-112349,top
IMG-108263,top
IMG-105465,top
IMG-100960,top
IMG-112132,top
IMG-113059,top
IMG-100918,top
IMG-110935,top
IMG-105343,top
IMG-103966,top
IMG-105644,top
IMG-101689,top
IMG-110651,top
IMG-100541,top
IMG-102654,top
IMG-109524,top
IMG-101289,top
IMG-113351,top
IMG-107246,top
IMG-109427,top
IMG-107786,top
IMG-109561,top
IMG-112981,top
IMG-106613,top
IMG-110941,top
IMG-101816,top
IMG-112023,top
IMG-110183,top
IMG-101093,top
IMG-113105,top
IMG-113626,top
IMG-107459,top
IMG-114676,top
IMG-112883,top
IMG-106717,top
IMG-105012,top
IMG-114120,top
IMG-113944,top
IMG-108799,top
IMG-105427,top
IMG-100650,top
IMG-112189,top
IMG-111806,top
IMG-110848,top
IMG-102521,top
IMG-105564,top
IMG-108066,top
IMG-105945,top
IMG-102817,top
IMG-104451,top
IMG-105177,top
IMG-113453,top
IMG-102509,top
IMG-114853,top
IMG-104842,top
IMG-104253,top
IMG-100626,top
IMG-103524,top
IMG-106684,top
IMG-110809,top
IMG-111336,top
IMG-105307,top
IMG-112549,top
IMG-107397,top
IMG-114243,top
IMG-103928,top
IMG-109836,top
IMG-113193,top
IMG-100980,top
IMG-101870,top
IMG-100621,top
IMG-105284,top
IMG-108487,top
IMG-105770,top
IMG-113136,top
IMG-104312,top
IMG-105030,top
IMG-104880,top
IMG-108857,top
IMG-110314,top
IMG-105626,top
IMG-103019,top
IMG-108635,top
IMG-102680,top
IMG-112397,top
IMG-101981,top
IMG-103899,top
IMG-114359,top
IMG-110237,top
IMG-113648,top
IMG-107126,top
IMG-114437,top
IMG-113984,top
IMG-106061,top
IMG-109521,top
IMG-112193,top
IMG-105434,top
IMG-108835,top
IMG-102872,top
IMG-109227,top
IMG-100242,top
IMG-104430,top
IMG-104054,top
IMG-104525,top
IMG-104758,top
IMG-104199,top
IMG-112446,top
IMG-111880,top
IMG-110518,top
IMG-113868,top
IMG-104531,top
IMG-109522,top
IMG-102004,top
IMG-103169,top
IMG-103993,top
IMG-107050,top
IMG-113971,top
IMG-111908,top
IMG-103788,top
IMG-109901,top
IMG-108241,top
IMG-100894,top
IMG-107553,top
IMG-110968,top
IMG-113675,top
IMG-108589,top
IMG-104883,top
IMG-103326,top
IMG-109783,top
IMG-102541,top
IMG-102576,top
IMG-106840,top
IMG-114166,top
IMG-100581,top
IMG-111020,top
IMG-101332,top
IMG-112267,top
IMG-106466,top
IMG-103460,top
IMG-106628,top
IMG-107571,top
IMG-109552,top
IMG-111285,top
IMG-104443,top
IMG-109110,top
IMG-108048,top
IMG-114069,top
IMG-109704,top
IMG-105648,top
IMG-103851,top
IMG-107048,top
IMG-111041,top
IMG-105052,top
IMG-113174,top
IMG-109157,top
IMG-106058,top
IMG-109869,top
IMG-104492,top
IMG-103642,top
IMG-102448,top
IMG-112122,top
IMG-100659,top
IMG-103726,top
IMG-106954,top
IMG-107042,top
IMG-105766,top
IMG-110047,top
IMG-108997,top
IMG-101247,top
IMG-107340,top
IMG-104417,top
IMG-101130,top
IMG-111745,top
IMG-103604,top
IMG-102663,top
IMG-104325,top
IMG-107220,top
IMG-110453,top
IMG-106276,top
IMG-106955,top
IMG-100848,top
IMG-107524,top
IMG-114940,top
IMG-108745,top
IMG-109139,top
IMG-100059,top
IMG-109144,top
IMG-110457,top
IMG-105784,top
IMG-111456,top
IMG-111790,top
IMG-114199,top
IMG-110588,top
IMG-101164,top
IMG-101414,top
IMG-114891,top
IMG-111896,top
IMG-101926,top
IMG-107650,top
IMG-103986,top
IMG-100829,top
IMG-105958,top
IMG-105848,top
IMG-110893,top
IMG-100360,top
IMG-102023,top
IMG-106038,top
IMG-108037,top
IMG-110313,top
IMG-103133,top
IMG-112333,top
IMG-109138,top
IMG-110551,top
IMG-102393,top
IMG-101029,top
IMG-108819,top
IMG-101789,top
IMG-106593,top
IMG-111461,top
IMG-111591,top
IMG-106323,top
IMG-104872,top
IMG-104194,top
IMG-105755,top
IMG-112898,top
IMG-109926,top
IMG-110333,top
IMG-106118,top
IMG-111950,top
IMG-100854,top
IMG-112840,top
IMG-103816,top
IMG-112385,top
IMG-112065,top
IMG-102059,top
IMG-102094,top
IMG-109078,top
IMG-101227,top
IMG-101392,top
IMG-105979,top
IMG-114681,top
IMG-103317,top
IMG-113085,top
IMG-111729,top
IMG-114456,top
IMG-109212,top
IMG-111890,top
IMG-106953,top
IMG-106196,top
IMG-101931,top
IMG-112268,top
IMG-111838,top
IMG-113564,top
IMG-109342,top
IMG-109909,top
IMG-104402,top
IMG-101131,top
IMG-112014,top
IMG-105813,top
IMG-114937,top
IMG-113468,top
IMG-106784,top
IMG-105309,top
IMG-110556,top
IMG-102220,top
IMG-107047,top
IMG-114832,top
IMG-101681,top
IMG-113446,top
IMG-105996,top
IMG-112904,top
IMG-102053,top
IMG-105251,top
IMG-102671,top
IMG-106851,top
IMG-104282,top
IMG-106039,top
IMG-100734,top
IMG-108395,top
IMG-101233,top
IMG-108563,top
IMG-100079,top
IMG-113690,top
IMG-103209,top
IMG-106916,top
IMG-105575,top
IMG-109686,top
IMG-104010,top
IMG-101136,top
IMG-112054,top
IMG-114797,top
IMG-108535,top
IMG-104862,top
IMG-103941,top
IMG-110805,top
IMG-107375,top
IMG-101219,top
IMG-107366,top
IMG-108164,top
IMG-100144,top
IMG-102669,top
IMG-113877,top
IMG-110779,top
IMG-100738,top
IMG-109934,top
IMG-112960,top
IMG-102914,top
IMG-105856,top
IMG-114706,top
IMG-100930,top
IMG-108775,top
IMG-105384,top
IMG-108852,top
IMG-113258,top
IMG-112874,top
IMG-110934,top
IMG-101151,top
IMG-109557,top
IMG-107479,top
IMG-110874,top
IMG-105248,top
IMG-109424,top
IMG-104948,top
IMG-110150,top
IMG-101552,top
IMG-110354,top
IMG-113069,top
IMG-101769,top
IMG-100673,top
IMG-111485,top
IMG-106960,top
IMG-109516,top
IMG-103263,top
IMG-104148,top
IMG-110415,top
IMG-112037,top
IMG-104692,top
IMG-107713,top
IMG-102643,top
IMG-112676,top
IMG-106297,top
IMG-113038,top
IMG-113687,top
IMG-113689,top
IMG-100268,top
IMG-113361,top
IMG-110336,top
IMG-114934,top
IMG-104691,top
IMG-113790,top
IMG-111808,top
IMG-100810,top
IMG-103478,top
IMG-110576,top
IMG-109907,top
IMG-107879,top
IMG-113947,top
IMG-109952,top
IMG-111144,top
IMG-104822,top
IMG-104031,top
IMG-103556,top
IMG-109733,top
IMG-107214,top
IMG-109720,top
IMG-102907,top
IMG-110541,top
IMG-103686,top
IMG-105120,top
IMG-114976,top
IMG-108159,top
IMG-110040,top
IMG-106796,top
IMG-100757,top
IMG-107952,top
IMG-113874,top
IMG-107377,top
IMG-106242,top
IMG-101970,top
IMG-101864,top
IMG-100909,top
IMG-104444,top
IMG-110912,top
IMG-102400,top
IMG-102443,top
IMG-106348,top
IMG-114141,top
IMG-100147,top
IMG-109075,top
IMG-103265,top
IMG-104036,top
IMG-110475,top
IMG-109313,top
IMG-112379,top
IMG-112355,top
IMG-113225,top
IMG-108049,top
IMG-111877,top
IMG-111889,top
IMG-110357,top
IMG-100515,top
IMG-106768,top
IMG-112092,top
IMG-102225,top
IMG-109904,top
IMG-114441,top
IMG-103034,top
IMG-103677,top
IMG-108258,top
IMG-102185,top
IMG-111845,top
IMG-103464,top
IMG-100368,top
IMG-102869,top
IMG-109697,top
IMG-109376,top
IMG-114667,top
IMG-111181,top
IMG-113680,top
IMG-108186,top
IMG-107477,top
IMG-114469,top
IMG-107237,top
IMG-111024,top
IMG-104490,top
IMG-111512,top
IMG-100880,top
IMG-112719,top
IMG-106205,top
IMG-104556,top
IMG-114951,top
IMG-103943,top
IMG-101669,top
IMG-114591,top
IMG-112709,top
IMG-107278,top
IMG-100143,top
IMG-113044,top
IMG-114072,top
IMG-102738,top
IMG-112645,top
IMG-112002,top
IMG-103702,top
IMG-104220,top
IMG-112055,top
IMG-112684,top
IMG-107041,top
IMG-111797,top
IMG-105621,top
IMG-104001,top
IMG-102464,top
IMG-111118,top
IMG-112674,top
IMG-103634,top
IMG-100431,top
IMG-105756,top
IMG-109629,top
IMG-114625,top
IMG-113077,top
IMG-102248,top
IMG-105985,top
IMG-106401,top
IMG-102315,top
IMG-103118,top
IMG-107359,top
IMG-107105,top
IMG-103493,top
IMG-102924,top
IMG-105934,top
IMG-101779,top
IMG-100483,top
IMG-102139,top
IMG-109729,top
IMG-102269,top
IMG-108327,top
IMG-104741,top
IMG-104190,top
IMG-106424,top
IMG-113187,top
IMG-111139,top
IMG-113867,top
IMG-111912,top
IMG-100473,top
IMG-112846,top
IMG-112047,top
IMG-111962,top
IMG-108307,top
IMG-114193,top
IMG-100098,top
IMG-105303,top
IMG-105199,top
IMG-110554,top
IMG-112275,top
IMG-106476,top
IMG-112077,top
IMG-104922,top
IMG-114846,top
IMG-104008,top
IMG-113385,top
IMG-114321,top
IMG-102998,top
IMG-114379,top
IMG-106747,top
IMG-114413,top
IMG-109407,top
IMG-106742,top
IMG-110515,top
IMG-109131,top
IMG-113074,top
IMG-111179,top
IMG-107040,top
IMG-106777,top
IMG-102695,top
IMG-106044,top
IMG-109356,top
IMG-108912,top
IMG-107426,top
IMG-102757,top
IMG-101346,top
IMG-108668,top
IMG-108061,top
IMG-106336,top
IMG-102111,top
IMG-106185,top
IMG-101625,top
IMG-111847,top
IMG-109748,top
IMG-106596,top
IMG-114552,top
IMG-104359,top
IMG-105246,top
IMG-106307,top
IMG-110991,top
IMG-108488,top
IMG-103319,top
IMG-110013,top
IMG-112481,top
IMG-101409,top
IMG-100800,top
IMG-110128,top
IMG-105428,top
IMG-100421,top
IMG-103350,top
IMG-112854,top
IMG-105249,top
IMG-109930,top
IMG-107337,top
IMG-100635,top
IMG-109267,top
IMG-108868,top
IMG-101705,top
IMG-110274,top
IMG-105008,top
IMG-101909,top
IMG-104476,top
IMG-114775,top
IMG-102919,top
IMG-102378,top
IMG-103247,top
IMG-113267,top
IMG-106879,top
IMG-106896,top
IMG-109182,top
IMG-101115,top
IMG-110315,top
IMG-111802,top
IMG-107927,top
IMG-106496,top
IMG-111381,top
IMG-113578,top
IMG-100569,top
IMG-102932,top
IMG-103893,top
IMG-105803,top
IMG-103628,top
IMG-113134,top
IMG-105528,top
IMG-112710,top
IMG-112729,top
IMG-108440,top
IMG-107193,top
IMG-112885,top
IMG-109358,top
IMG-104977,top
IMG-103031,top
IMG-106219,top
IMG-106556,top
IMG-100900,top
IMG-114589,top
IMG-110162,top
IMG-102606,top
IMG-114565,top
IMG-109367,top
IMG-102300,top
IMG-111853,top
IMG-105407,top
IMG-108274,top
IMG-109506,top
IMG-101827,top
IMG-106940,top
IMG-112176,top
IMG-102286,top
IMG-106752,top
IMG-109029,top
IMG-104121,top
IMG-107981,top
IMG-102730,top
IMG-106093,top
IMG-105838,top
IMG-106721,top
IMG-107574,top
IMG-101912,top
IMG-110310,top
IMG-109127,top
IMG-101001,top
IMG-106792,top
IMG-101356,top
IMG-109419,top
IMG-101464,top
IMG-114729,top
IMG-112705,top
IMG-109418,top
IMG-107840,top
IMG-110469,top
IMG-100029,top
IMG-114786,top
IMG-103130,top
IMG-108410,top
IMG-113678,top
IMG-112018,top
IMG-102701,top
IMG-112244,top
IMG-101508,top
IMG-104649,top
IMG-109123,top
IMG-106084,top
IMG-111522,top
IMG-108876,top
IMG-111814,top
IMG-103982,top
IMG-108062,top
IMG-100861,top
IMG-108904,top
IMG-113456,top
IMG-109685,top
IMG-103064,top
IMG-114788,top
IMG-101140,top
IMG-103016,top
IMG-107940,top
IMG-112480,top
IMG-114274,top
IMG-102140,top
IMG-110482,top
IMG-104561,top
IMG-104536,top
IMG-112969,top
IMG-107392,top
IMG-104819,top
IMG-100548,top
IMG-114085,top
IMG-114530,top
IMG-102597,top
IMG-103014,top
IMG-113657,top
IMG-101014,top
IMG-105683,top
IMG-110678,top
IMG-114687,top
IMG-111823,top
IMG-108402,top
IMG-100567,top
IMG-102061,top
IMG-109968,top
IMG-100859,top
IMG-108631,top
IMG-111941,top
IMG-114756,top
IMG-105444,top
IMG-103530,top
IMG-114203,top
IMG-106151,top
IMG-104974,top
IMG-106895,top
IMG-104005,top
IMG-109665,top
IMG-111397,top
IMG-109324,top
IMG-107074,top
IMG-106552,top
IMG-110498,top
IMG-112672,top
IMG-113512,top
IMG-114480,top
IMG-100197,top
IMG-114773,top
IMG-112146,top
IMG-104059,top
IMG-102777,top
IMG-101532,top
IMG-108978,top
IMG-108016,top
IMG-108486,top
IMG-100244,top
IMG-104241,top
IMG-113812,top
IMG-110028,top
IMG-102947,top
IMG-106399,top
IMG-109107,top
IMG-110221,top
IMG-105382,top
IMG-109995,top
IMG-101212,top
IMG-105972,top
IMG-109770,top
IMG-113809,top
IMG-102800,top
IMG-104474,top
IMG-112524,top
IMG-112817,top
IMG-107709,top
IMG-110147,top
IMG-104046,top
IMG-113772,top
IMG-104356,top
IMG-103555,top
IMG-101277,top
IMG-106599,top
IMG-112066,top
IMG-106797,top
IMG-110553,top
IMG-104564,top
IMG-113795,top
IMG-108265,top
IMG-104523,top
IMG-105146,top
IMG-108544,top
IMG-107722,top
IMG-111615,top
IMG-108280,top
IMG-114134,top
IMG-106905,top
IMG-110290,top
IMG-104153,top
IMG-110263,top
IMG-101321,top
IMG-109573,top
IMG-110078,top
IMG-107696,top
IMG-108005,top
IMG-102280,top
IMG-104730,top
IMG-108534,top
IMG-108514,top
IMG-109614,top
IMG-112308,top
IMG-105791,top
IMG-112605,top
IMG-107942,top
IMG-111676,top
IMG-106233,top
IMG-112915,top
IMG-108854,top
IMG-102347,top
IMG-111579,top
IMG-104027,top
IMG-111612,top
IMG-102564,top
IMG-113412,top
IMG-107414,top
IMG-104978,top
IMG-106618,top
IMG-106479,top
IMG-111137,top
IMG-106799,top
IMG-108260,top
IMG-113479,top
IMG-114489,top
IMG-100968,top
IMG-108984,top
IMG-110463,top
IMG-110400,top
IMG-108515,top
IMG-108742,top
IMG-104664,top
IMG-112832,top
IMG-113542,top
IMG-109512,top
IMG-105069,top
IMG-109366,top
IMG-108261,top
IMG-110804,top
IMG-114757,top
IMG-114838,top
IMG-114055,top
IMG-104488,top
IMG-109364,top
IMG-113386,top
IMG-105836,top
IMG-108096,top
IMG-113671,top
IMG-104407,top
IMG-108484,top
IMG-112412,top
IMG-110824,top
IMG-111478,top
IMG-101472,top
IMG-112053,top
IMG-108849,top
IMG-106107,top
IMG-101560,top
IMG-113838,top
IMG-100396,top
IMG-108686,top
IMG-105346,top
IMG-104421,top
IMG-108771,top
IMG-108873,top
IMG-100142,top
IMG-111840,top
IMG-103716,top
IMG-114989,top
IMG-102936,top
IMG-110570,top
IMG-105667,top
IMG-104934,top
IMG-104182,top
IMG-101526,top
IMG-114733,top
IMG-103051,top
IMG-112812,top
IMG-108466,top
IMG-106264,top
IMG-109812,top
IMG-104875,top
IMG-105000,top
IMG-108884,top
IMG-107349,top
IMG-105517,top
IMG-109114,top
IMG-106915,top
IMG-111794,top
IMG-108189,top
IMG-106047,top
IMG-113905,top
IMG-109774,top
IMG-109230,top
IMG-108921,top
IMG-110961,top
IMG-112071,top
IMG-100246,top
IMG-105038,top
IMG-108525,top
IMG-103220,top
IMG-101309,top
IMG-105446,top
IMG-102765,top
IMG-103574,top
IMG-114433,top
IMG-101295,top
IMG-106880,top
IMG-100993,top
IMG-107949,top
IMG-109214,top
IMG-101578,top
IMG-102638,top
IMG-111132,top
IMG-103285,top
IMG-114047,top
IMG-100833,top
IMG-112138,top
IMG-111261,top
IMG-104258,top
IMG-113062,top
IMG-114458,top
IMG-114852,top
IMG-113691,top
IMG-106959,top
IMG-110516,top
IMG-103204,top
IMG-109255,top
IMG-103470,top
IMG-111079,top
IMG-113109,top
IMG-108089,top
IMG-105373,top
IMG-110743,top
IMG-107849,top
IMG-106511,top
IMG-106885,top
IMG-106945,top
IMG-111451,top
IMG-110656,top
IMG-102362,top
IMG-108163,top
IMG-100099,top
IMG-105371,top
IMG-113457,top
IMG-109902,top
IMG-108842,top
IMG-104612,top
IMG-102014,top
IMG-102444,top
IMG-108494,top
IMG-112922,top
IMG-106870,top
IMG-104718,top
IMG-102649,top
IMG-104287,top
IMG-102972,top
IMG-100410,top
IMG-105669,top
IMG-109032,top
IMG-111376,top
IMG-114402,top
IMG-101042,top
IMG-101644,top
IMG-113230,top
IMG-109192,top
IMG-100951,top
IMG-106127,top
IMG-106532,top
IMG-102010,top
IMG-110441,top
IMG-106016,top
IMG-112456,top
IMG-113722,top
IMG-111626,top
IMG-101529,top
IMG-106218,top
IMG-112284,top
IMG-108903,top
IMG-108694,top
IMG-114252,top
IMG-107811,top
IMG-103385,top
IMG-106944,top
IMG-103762,top
IMG-114646,top
IMG-113672,top
IMG-105273,top
IMG-105060,top
IMG-101132,top
IMG-112609,top
IMG-107724,top
IMG-101184,top
IMG-109677,top
IMG-107819,top
IMG-102272,top
IMG-108900,top
IMG-105100,top
IMG-105304,top
IMG-107304,top
IMG-101867,top
IMG-108678,top
IMG-113903,top
IMG-114088,top
IMG-100374,top
IMG-110565,top
IMG-107813,top
IMG-104083,top
IMG-100241,top
IMG-100687,top
IMG-100231,top
IMG-108317,top
IMG-109095,top
IMG-108214,top
IMG-107646,top
IMG-113120,top
IMG-101678,top
IMG-109000,top
IMG-110319,top
IMG-112543,top
IMG-105461,top
IMG-107808,top
IMG-100093,top
IMG-105242,top
IMG-102646,top
IMG-110501,top
IMG-109456,top
IMG-113190,top
IMG-109318,top
IMG-114932,top
IMG-102915,top
IMG-106733,top
IMG-107314,top
IMG-106472,top
IMG-108828,top
IMG-105462,top
IMG-113146,top
IMG-111536,top
IMG-102632,top
IMG-102693,top
IMG-109950,top
IMG-106516,top
IMG-107936,top
IMG-102574,top
IMG-106328,top
IMG-105520,top
IMG-106344,top
IMG-113898,top
IMG-112235,top
IMG-100639,top
IMG-106849,top
IMG-106571,top
IMG-108848,top
IMG-105297,top
IMG-112778,top
IMG-105160,top
IMG-114211,top
IMG-109337,top
IMG-113185,top
IMG-102824,top
IMG-108112,top
IMG-108279,top
IMG-107088,top
IMG-110322,top
IMG-106598,top
IMG-103691,top
IMG-107140,top
IMG-103713,top
IMG-105887,top
IMG-111191,top
IMG-105231,top
IMG-110892,top
IMG-110496,top
IMG-107685,top
IMG-112928,top
IMG-105707,top
IMG-100825,top
IMG-108254,top
IMG-104048,top
IMG-108727,top
IMG-102830,top
IMG-100914,top
IMG-106303,top
IMG-106393,top
IMG-105611,top
IMG-104854,top
IMG-111780,top
IMG-106463,top
IMG-101493,top
IMG-113502,top
IMG-104133,top
IMG-109193,top
IMG-113086,top
IMG-106409,top
IMG-103595,top
IMG-102383,top
IMG-104491,top
IMG-103236,top
IMG-111487,top
IMG-100032,top
IMG-113631,top
IMG-101065,top
IMG-107228,top
IMG-105678,top
IMG-105684,top
IMG-104548,top
IMG-103025,top
IMG-106807,top
IMG-111186,top
IMG-107690,top
IMG-108256,top
IMG-104112,top
IMG-103301,top
IMG-112795,top
IMG-113572,top
IMG-109495,top
IMG-114139,top
IMG-102784,top
IMG-108816,top
IMG-112306,top
IMG-109762,top
IMG-101809,top
IMG-105261,top
IMG-102836,top
IMG-105312,top
IMG-114956,top
IMG-111532,top
IMG-105091,top
IMG-114560,top
IMG-104837,top
IMG-103658,top
IMG-108498,top
IMG-108962,top
IMG-112618,top
IMG-103473,top
IMG-101735,top
IMG-102543,top
IMG-108636,top
IMG-100005,top
IMG-100606,top
IMG-110758,top
IMG-110373,top
IMG-109535,top
IMG-103855,top
IMG-100593,top
IMG-104667,top
IMG-106316,top
IMG-102148,top
IMG-103743,top
IMG-112125,top
IMG-114800,top
IMG-108970,top
IMG-101301,top
IMG-107449,top
IMG-111728,top
IMG-106475,top
IMG-103081,top
IMG-107485,top
IMG-108974,top
IMG-100081,top
IMG-101293,top
IMG-113328,top
IMG-109987,top
IMG-103598,top
IMG-112551,top
IMG-110620,top
IMG-113745,top
IMG-109062,top
IMG-112223,top
IMG-108815,top
IMG-110587,top
IMG-112231,top
IMG-108666,top
IMG-107072,top
IMG-108464,top
IMG-101803,top
IMG-106281,top
IMG-107552,top
IMG-100215,top
IMG-112190,top
IMG-105796,top
IMG-111464,top
IMG-107955,top
IMG-110370,top
IMG-100168,top
IMG-114519,top
IMG-113704,top
IMG-102910,top
IMG-109288,top
IMG-105563,top
IMG-114237,top
IMG-103735,top
IMG-111265,top
IMG-112853,top
IMG-100423,top
IMG-107382,top
IMG-100291,top
IMG-112080,top
IMG-100166,top
IMG-107413,top
IMG-109588,top
IMG-110626,top
IMG-114198,top
IMG-106505,top
IMG-106986,top
IMG-101148,top
IMG-111232,top
IMG-107935,top
IMG-109553,top
IMG-106354,top
IMG-109444,top
IMG-111224,top
IMG-101086,top
IMG-112642,top
IMG-113256,top
IMG-101746,top
IMG-111086,top
IMG-100651,top
IMG-109459,top
IMG-105445,top
IMG-101314,top
IMG-101542,top
IMG-106155,top
IMG-114877,top
IMG-107987,top
IMG-100199,top
IMG-108412,top
IMG-107394,top
IMG-107422,top
IMG-114459,top
IMG-100795,top
IMG-113474,top
IMG-104518,top
IMG-102881,top
IMG-104098,top
IMG-113583,top
IMG-100677,top
IMG-106786,top
IMG-112492,top
IMG-108981,top
IMG-107609,top
IMG-109143,top
IMG-112478,top
IMG-104079,top
IMG-112330,top
IMG-109701,top
IMG-112714,top
IMG-103109,top
IMG-110308,top
IMG-114100,top
IMG-107965,top
IMG-111982,top
IMG-100034,top
IMG-110130,top
IMG-113962,top
IMG-109715,top
IMG-113744,top
IMG-106648,top
IMG-103660,top
IMG-102278,top
IMG-103927,top
IMG-108963,top
IMG-110216,top
IMG-103067,top
IMG-105156,top
IMG-105967,top
IMG-106245,top
IMG-101557,top
IMG-113154,top
IMG-114499,top
IMG-113851,top
IMG-112788,top
IMG-102207,top
IMG-100503,top
IMG-102007,top
IMG-106062,top
IMG-111643,top
IMG-101844,top
IMG-107218,top
IMG-103111,top
IMG-109723,top
IMG-110327,top
IMG-107289,top
IMG-107207,top
IMG-112690,top
IMG-106779,top
IMG-114447,top
IMG-111834,top
IMG-107234,top
IMG-101348,top
IMG-101504,top
IMG-105095,top
IMG-109289,top
IMG-101633,top
IMG-103683,top
IMG-109412,top
IMG-114966,top
IMG-113731,top
IMG-113229,top
IMG-109845,top
IMG-109429,top
IMG-114436,top
IMG-106190,top
IMG-112427,top
IMG-108617,top
IMG-113113,top
IMG-107601,top
IMG-110384,top
IMG-103377,top
IMG-109710,top
IMG-108831,top
IMG-110320,top
IMG-106427,top
IMG-107011,top
IMG-105661,top
IMG-105875,top
IMG-110138,top
IMG-101950,top
IMG-112921,top
IMG-113466,top
IMG-110242,top
IMG-103335,top
IMG-107941,top
IMG-110393,top
IMG-107802,top
IMG-112765,top
IMG-108227,top
IMG-106864,top
IMG-106333,top
IMG-104773,top
IMG-113969,top
IMG-104108,top
IMG-101408,top
IMG-102358,top
IMG-101187,top
IMG-107248,top
IMG-114414,top
IMG-107762,top
IMG-114618,top
IMG-114067,top
IMG-112134,top
IMG-108886,top
IMG-104674,top
IMG-108802,top
IMG-106668,top
IMG-107958,top
IMG-111496,top
IMG-107083,top
IMG-109301,top
IMG-107561,top
IMG-100254,top
IMG-100111,top
IMG-111803,top
IMG-113855,top
IMG-104909,top
IMG-107444,top
IMG-110739,top
IMG-110538,top
IMG-105492,top
IMG-100000,top
IMG-103206,top
IMG-105702,top
IMG-105559,top
IMG-108642,top
IMG-114344,top
IMG-102365,top
IMG-110347,top
IMG-111596,top
IMG-106053,top
IMG-111619,top
IMG-109540,top
IMG-107309,top
IMG-104779,top
IMG-104849,top
IMG-110086,top
IMG-105719,top
IMG-111864,top
IMG-108205,top
IMG-113212,top
IMG-101922,top
IMG-112254,top
IMG-109879,top
IMG-106154,top
IMG-106337,top
IMG-110828,top
IMG-100725,top
IMG-100970,top
IMG-113910,top
IMG-106490,top
IMG-109178,top
IMG-113939,top
IMG-105823,top
IMG-109393,top
IMG-108502,top
IMG-105864,top
IMG-103071,top
IMG-112820,top
IMG-103732,top
IMG-106839,top
IMG-111944,top
IMG-105142,top
IMG-112889,top
IMG-106688,top
IMG-101946,top
IMG-109984,top
IMG-111690,top
IMG-108072,top
IMG-107335,top
IMG-108794,top
IMG-105606,top
IMG-105561,top
IMG-103402,top
IMG-112845,top
IMG-103515,top
IMG-110414,top
IMG-100463,top
IMG-106065,top
IMG-114624,top
IMG-108181,top
IMG-112154,top
IMG-111764,top
IMG-113372,top
IMG-114540,top
IMG-112720,top
IMG-104049,top
IMG-102499,top
IMG-111819,top
IMG-109741,top
IMG-101179,top
IMG-106831,top
IMG-107025,top
IMG-106273,top
IMG-106255,top
IMG-101477,top
IMG-108723,top
IMG-112012,top
IMG-107772,top
IMG-100517,top
IMG-113800,top
IMG-102312,top
IMG-114205,top
IMG-113293,top
IMG-102533,top
IMG-112312,top
IMG-104192,top
IMG-113240,top
IMG-105490,top
IMG-108155,top
IMG-101226,top
IMG-110628,top
IMG-104547,top
IMG-105406,top
IMG-103085,top
IMG-111325,top
IMG-110647,top
IMG-109037,top
IMG-110543,top
IMG-113966,top
IMG-103741,top
IMG-108199,top
IMG-100652,top
IMG-111964,top
IMG-110603,top
IMG-107424,top
IMG-103898,top
IMG-108013,top
IMG-107921,top
IMG-107723,top
IMG-100445,top
IMG-110202,top
IMG-100415,top
IMG-107539,top
IMG-114428,top
IMG-103510,top
IMG-101991,top
IMG-101584,top
IMG-109566,top
IMG-103404,top
IMG-112406,top
IMG-105913,top
IMG-108021,top
IMG-111031,top
IMG-103924,top
IMG-109460,top
IMG-107667,top
IMG-108956,top
IMG-109280,top
IMG-109992,top
IMG-100358,top
IMG-102602,top
IMG-111957,top
IMG-102912,top
IMG-109260,top
IMG-114527,top
IMG-102934,top
IMG-100693,top
IMG-108094,top
IMG-101750,top
IMG-100963,top
IMG-106092,top
IMG-102795,top
IMG-106180,top
IMG-111560,top
IMG-112578,top
IMG-101540,top
IMG-103370,top
IMG-101677,top
IMG-111553,top
IMG-111476,top
IMG-108471,top
IMG-109233,top
IMG-111057,top
IMG-104958,top
IMG-109256,top
IMG-104689,top
IMG-112063,top
IMG-106729,top
IMG-105976,top
IMG-102921,top
IMG-113948,top
IMG-110997,top
IMG-104138,top
IMG-111108,top
IMG-114807,top
IMG-109106,top
IMG-104644,top
IMG-108242,top
IMG-108656,top
IMG-106903,top
IMG-105388,top
IMG-108328,top
IMG-101061,top
IMG-102017,top
IMG-102500,top
IMG-104183,top
IMG-100627,top
IMG-113797,top
IMG-114279,top
IMG-104933,top
IMG-113770,top
IMG-101499,top
IMG-100309,top
IMG-103143,top
IMG-112440,top
IMG-112990,top
IMG-108856,top
IMG-105473,top
IMG-102276,top
IMG-101360,top
IMG-106177,top
IMG-100744,top
IMG-110875,top
IMG-101449,top
IMG-114915,top
IMG-107529,top
IMG-103308,top
IMG-105014,top
IMG-112281,top
IMG-104660,top
IMG-107155,top
IMG-101105,top
IMG-107793,top
IMG-114690,top
IMG-100278,top
IMG-104744,top
IMG-100579,top
IMG-113298,top
IMG-110092,top
IMG-112596,top
IMG-101566,top
IMG-107792,top
IMG-108236,top
IMG-110206,top
IMG-110561,top
IMG-112280,top
IMG-105944,top
IMG-113644,top
IMG-105353,top
IMG-111938,top
IMG-111911,top
IMG-103008,top
IMG-101853,top
IMG-114471,top
IMG-100434,top
IMG-104686,top
IMG-105910,top
IMG-106967,top
IMG-112208,top
IMG-114125,top
IMG-108773,top
IMG-109789,top
IMG-113807,top
IMG-100908,top
IMG-114431,top
IMG-111549,top
IMG-104202,top
IMG-105853,top
IMG-114450,top
IMG-105058,top
IMG-113402,top
IMG-101271,top
IMG-112932,top
IMG-107607,top
IMG-101847,top
IMG-105759,top
IMG-112372,top
IMG-109275,top
IMG-108966,top
IMG-108684,top
IMG-104034,top
IMG-100760,top
IMG-113773,top
IMG-103057,top
IMG-111169,top
IMG-104785,top
IMG-111918,top
IMG-102123,top
IMG-101109,top
IMG-108710,top
IMG-103800,top
IMG-112179,top
IMG-106492,top
IMG-113308,top
IMG-113368,top
IMG-110981,top
IMG-113058,top
IMG-112783,top
IMG-103054,top
IMG-114826,top
IMG-106289,top
IMG-113122,top
IMG-104450,top
IMG-112452,top
IMG-101030,top
IMG-100954,top
IMG-111358,top
IMG-105990,top
IMG-110053,top
IMG-109402,top
IMG-100393,top
IMG-108023,top
IMG-114892,top
IMG-111385,top
IMG-103374,top
IMG-110964,top
IMG-110634,top
IMG-110589,top
IMG-105168,top
IMG-103787,top
IMG-107743,top
IMG-100978,top
IMG-114904,top
IMG-113899,top
IMG-113511,top
IMG-110352,top
IMG-104375,top
IMG-103137,top
IMG-114131,top
IMG-112514,top
IMG-106576,top
IMG-110014,top
IMG-110012,top
IMG-107272,top
IMG-113197,top
IMG-102477,top
IMG-110075,top
IMG-100740,top
IMG-114121,top
IMG-105920,top
IMG-103336,top
IMG-108223,top
IMG-100033,top
IMG-104280,top
IMG-101612,top
IMG-114737,top
IMG-113987,top
IMG-106034,top
IMG-107130,top
IMG-111956,top
IMG-114405,top
IMG-104771,top
IMG-102234,top
IMG-111377,top
IMG-100185,top
IMG-103398,top
IMG-109702,top
IMG-114284,top
IMG-111937,top
IMG-101558,top
IMG-114880,top
IMG-107509,top
IMG-111351,top
IMG-107636,top
IMG-101889,top
IMG-107711,top
IMG-102715,top
IMG-105362,top
IMG-106250,top
IMG-110228,top
IMG-105477,top
IMG-113035,top
IMG-104857,top
IMG-101282,top
IMG-109911,top
IMG-101180,top
IMG-108645,top
IMG-106692,top
IMG-112469,top
IMG-112647,top
IMG-103668,top
IMG-104323,top
IMG-110765,top
IMG-112787,top
IMG-111277,top
IMG-109560,top
IMG-109222,top
IMG-103695,top
IMG-106458,top
IMG-104207,top
IMG-100819,top
IMG-108503,top
IMG-104243,top
IMG-103522,top
IMG-102096,top
IMG-107675,top
IMG-103003,top
IMG-114117,top
IMG-109935,top
IMG-114889,top
IMG-106067,top
IMG-103599,top
IMG-110159,top
IMG-101040,top
IMG-110857,top
IMG-110096,top
IMG-106428,top
IMG-110449,top
IMG-109183,top
IMG-101908,top
IMG-111402,top
IMG-112121,top
IMG-100355,top
IMG-101386,top
IMG-106585,top
IMG-101956,top
IMG-114106,top
IMG-102241,top
IMG-107187,top
IMG-113534,top
IMG-100380,top
IMG-105400,top
IMG-113973,top
IMG-113926,top
IMG-111346,top
IMG-101238,top
IMG-100084,top
IMG-114262,top
IMG-105876,top
IMG-103068,top
IMG-110267,top
IMG-102321,top
IMG-113199,top
IMG-107484,top
IMG-104926,top
IMG-107222,top
IMG-103039,top
IMG-102405,top
IMG-107164,top
IMG-107091,top
IMG-108308,top
IMG-103857,top
IMG-110711,top
IMG-111173,top
IMG-108792,top
IMG-109048,top
IMG-100425,top
IMG-110272,top
IMG-112573,top
IMG-108682,top
IMG-111036,top
IMG-102237,top
IMG-114897,top
IMG-111584,top
IMG-106988,top
IMG-107689,top
IMG-113752,top
IMG-111006,top
IMG-112545,top
IMG-110071,top
IMG-110690,top
IMG-102095,top
IMG-105943,top
IMG-102453,top
IMG-114762,top
IMG-112666,top
IMG-104887,top
IMG-100301,top
IMG-106146,top
IMG-107020,top
IMG-110116,top
IMG-114558,top
IMG-103581,top
IMG-111400,top
IMG-111500,top
IMG-100563,top
IMG-106522,top
IMG-105119,top
IMG-100007,top
IMG-104174,top
IMG-107878,top
IMG-103539,top
IMG-110250,top
IMG-102942,top
IMG-100274,top
IMG-111692,top
IMG-113443,top
IMG-105654,top
IMG-111686,top
IMG-103272,top
IMG-111391,top
IMG-106430,top
IMG-113152,top
IMG-103017,top
IMG-114510,top
IMG-112794,top
IMG-112384,top
IMG-109099,top
IMG-107748,top
IMG-108533,top
IMG-108575,top
IMG-104454,top
IMG-109589,top
IMG-114902,top
IMG-102626,top
IMG-101916,top
IMG-107168,top
IMG-101596,top
IMG-112332,top
IMG-104538,top
IMG-109472,top
IMG-111435,top
IMG-113600,top
IMG-106611,top
IMG-105700,top
IMG-106876,top
IMG-114036,top
IMG-108194,top
IMG-114498,top
IMG-110933,top
IMG-104158,top
IMG-103992,top
IMG-102040,top
IMG-109028,top
IMG-107991,top
IMG-109338,top
IMG-109253,top
IMG-111577,top
IMG-105480,top
IMG-105690,top
IMG-105638,top
IMG-112246,top
IMG-111870,top
IMG-114179,top
IMG-112546,top
IMG-108130,top
IMG-107347,top
IMG-107005,top
IMG-113021,top
IMG-109955,top
IMG-114225,top
IMG-102763,top
IMG-108507,top
IMG-110157,top
IMG-107805,top
IMG-107514,top
IMG-109688,top
IMG-110213,top
IMG-104156,top
IMG-104379,top
IMG-111440,top
IMG-104762,top
IMG-108102,top
IMG-103309,top
IMG-100568,top
IMG-110260,top
IMG-102789,top
IMG-102353,top
IMG-108083,top
IMG-110245,top
IMG-105629,top
IMG-106730,top
IMG-110425,top
IMG-100383,top
IMG-101313,top
IMG-109756,top
IMG-114816,top
IMG-109593,top
IMG-106540,top
IMG-113439,top
IMG-106591,top
IMG-107357,top
IMG-111897,top
IMG-108781,top
IMG-101028,top
IMG-112919,top
IMG-110839,top
IMG-113843,top
IMG-102440,top
IMG-106288,top
IMG-100611,top
IMG-100775,top
IMG-100384,top
IMG-102177,top
IMG-100138,top
IMG-114486,top
IMG-101616,top
IMG-101302,top
IMG-107451,top
IMG-100933,top
IMG-111250,top
IMG-104720,top
IMG-113473,top
IMG-109928,top
IMG-114827,top
IMG-103526,top
IMG-106562,top
IMG-114230,top
IMG-110174,top
IMG-109562,top
IMG-101767,top
IMG-107697,top
IMG-104157,top
IMG-101748,top
IMG-112371,top
IMG-109130,top
IMG-104222,top
IMG-104772,top
IMG-113427,top
IMG-111768,top
IMG-100500,top
IMG-105989,top
IMG-114169,top
IMG-107172,top
IMG-109804,top
IMG-113096,top
IMG-104995,top
IMG-113462,top
IMG-106631,top
IMG-101976,top
IMG-110645,top
IMG-101792,top
IMG-111517,top
IMG-113287,top
IMG-100011,top
IMG-104131,top
IMG-100917,top
IMG-107152,top
IMG-102975,top
IMG-106207,top
IMG-108920,top
IMG-114736,top
IMG-106292,top
IMG-107556,top
IMG-112061,top
IMG-114553,top
IMG-112156,top
IMG-112735,top
IMG-101933,top
IMG-114866,top
IMG-102379,top
IMG-108672,top
IMG-104812,top
IMG-105202,top
IMG-112471,top
IMG-101498,top
IMG-111269,top
IMG-105137,top
IMG-114600,top
IMG-110034,top
IMG-100873,top
IMG-101214,top
IMG-107374,top
IMG-109381,top
IMG-100469,top
IMG-110066,top
IMG-102906,top
IMG-107430,top
IMG-110509,top
IMG-112942,top
IMG-104069,top
IMG-112563,top
IMG-100504,top
IMG-108999,top
IMG-106341,top
IMG-100448,top
IMG-110356,top
IMG-112697,top
IMG-114073,top
IMG-103740,top
IMG-101684,top
IMG-107474,top
IMG-111318,top
IMG-105725,top
IMG-104353,top
IMG-102827,top
IMG-102504,top
IMG-104446,top
IMG-113492,top
IMG-111772,top
IMG-113623,top
IMG-107908,top
IMG-109236,top
IMG-105176,top
IMG-103441,top
IMG-102419,top
IMG-107859,top
IMG-114926,top
IMG-101559,top
IMG-109027,top
IMG-107541,top
IMG-100259,top
IMG-107063,top
IMG-100146,top
IMG-104044,top
IMG-108717,top
IMG-101236,top
IMG-103837,top
IMG-109802,top
IMG-112078,top
IMG-107252,top
IMG-102608,top
IMG-110233,top
IMG-101528,top
IMG-108764,top
IMG-100801,top
IMG-102149,top
IMG-113286,top
IMG-107565,top
IMG-109333,top
IMG-112351,top
IMG-108907,top
IMG-100308,top
IMG-104104,top
IMG-107519,top
IMG-107931,top
IMG-108140,top
IMG-101079,top
IMG-104376,top
IMG-101127,top
IMG-102870,top
IMG-109012,top
IMG-100054,top
IMG-102709,top
IMG-106374,top
IMG-110960,top
IMG-100490,top
IMG-108408,top
IMG-101582,top
IMG-106452,top
IMG-106574,top
IMG-110502,top
IMG-111266,top
IMG-112322,top
IMG-100735,top
IMG-105178,top
IMG-114607,top
IMG-103720,top
IMG-103112,top
IMG-108351,top
IMG-112402,top
IMG-100484,top
IMG-106930,top
IMG-112841,top
IMG-113141,top
IMG-104406,top
IMG-102082,top
IMG-102503,top
IMG-111622,top
IMG-109763,top
IMG-101441,top
IMG-114608,top
IMG-111005,top
IMG-103769,top
IMG-105340,top
IMG-106748,top
IMG-108092,top
IMG-109477,top
IMG-112730,top
IMG-100872,top
IMG-102822,top
IMG-108310,top
IMG-109015,top
IMG-105368,top
IMG-102601,top
IMG-103380,top
IMG-105370,top
IMG-109355,top
IMG-100046,top
IMG-106446,top
IMG-109490,top
IMG-102545,top
IMG-112003,top
IMG-113269,top
IMG-114537,top
IMG-113581,top
IMG-106122,top
IMG-110753,top
IMG-111510,top
IMG-100447,top
IMG-112625,top
IMG-101630,top
IMG-110072,top
IMG-106340,top
IMG-113274,top
IMG-112144,top
IMG-103884,top
IMG-102333,top
IMG-112518,top
IMG-111288,top
IMG-108193,top
IMG-107548,top
IMG-110557,top
IMG-104228,top
IMG-100027,top
IMG-106291,top
IMG-112694,top
IMG-105659,top
IMG-110583,top
IMG-107612,top
IMG-109794,top
IMG-106787,top
IMG-113228,top
IMG-107719,top
IMG-102989,top
IMG-101429,top
IMG-102426,top
IMG-112892,top
IMG-113037,top
IMG-106582,top
IMG-100663,top
IMG-110023,top
IMG-114244,top
IMG-108883,top
IMG-109486,top
IMG-112407,top
IMG-108722,top
IMG-105877,top
IMG-113839,top
IMG-107990,top
IMG-107563,top
IMG-103951,top
IMG-114218,top
IMG-106811,top
IMG-112145,top
IMG-109426,top
IMG-101201,top
IMG-106420,top
IMG-109914,top
IMG-108490,top
IMG-104144,top
IMG-107978,top
IMG-108977,top
IMG-112688,top
IMG-111338,top
IMG-109875,top
IMG-102848,top
IMG-101243,top
IMG-108561,top
IMG-112660,top
IMG-104173,top
IMG-102045,top
IMG-110218,top
IMG-109640,top
IMG-107669,top
IMG-113546,top
IMG-107576,top
IMG-112924,top
IMG-101328,top
IMG-112218,top
IMG-103955,top
IMG-109052,top
IMG-107850,top
IMG-106157,top
IMG-110622,top
IMG-114817,top
IMG-101138,top
IMG-102705,top
IMG-111752,top
IMG-114360,top
IMG-114696,top
IMG-107807,top
IMG-106331,top
IMG-103405,top
IMG-101291,top
IMG-100511,top
IMG-113571,top
IMG-105842,top
IMG-105131,top
IMG-110481,top
IMG-111724,top
IMG-112906,top
IMG-111223,top
IMG-112334,top
IMG-110609,top
IMG-105598,top
IMG-106351,top
IMG-112428,top
IMG-101966,top
IMG-110980,top
IMG-102987,top
IMG-101700,top
IMG-101562,top
IMG-108323,top
IMG-102329,top
IMG-110345,top
IMG-111888,top
IMG-104242,top
IMG-109476,top
IMG-104332,top
IMG-113099,top
IMG-100419,top
IMG-100045,top
IMG-100822,top
IMG-109368,top
IMG-103819,top
IMG-100225,top
IMG-104593,top
IMG-113524,top
IMG-107244,top
IMG-111060,top
IMG-100716,top
IMG-114444,top
IMG-100378,top
IMG-114404,top
IMG-102183,top
IMG-107934,top
IMG-100695,top
IMG-114302,top
IMG-108969,top
IMG-103490,top
IMG-114185,top
IMG-107956,top
IMG-112638,top
IMG-107365,top
IMG-104944,top
IMG-110365,top
IMG-114219,top
IMG-109609,top
IMG-104505,top
IMG-101430,top
IMG-113894,top
IMG-106308,top
IMG-109942,top
IMG-108791,top
IMG-101020,top
IMG-112148,top
IMG-103001,top
IMG-104884,top
IMG-104583,top
IMG-107110,top
IMG-114872,top
IMG-102431,top
IMG-105597,top
IMG-109284,top
IMG-114653,top
IMG-114178,top
IMG-104398,top
IMG-104289,top
IMG-110781,top
IMG-108913,top
IMG-107265,top
IMG-113871,top
IMG-106719,top
IMG-104115,top
IMG-104841,top
IMG-103457,top
IMG-113031,top
IMG-106478,top
IMG-108559,top
IMG-103310,top
IMG-113148,top
IMG-104478,top
IMG-101634,top
IMG-110124,top
IMG-112305,top
IMG-112217,top
IMG-106135,top
IMG-103356,top
IMG-105214,top
IMG-112833,top
IMG-113540,top
IMG-114763,top
IMG-106957,top
IMG-112230,top
IMG-111979,top
IMG-106381,top
IMG-107125,top
IMG-113541,top
IMG-110408,top
IMG-114338,top
IMG-112824,top
IMG-110624,top
IMG-103430,top
IMG-114520,top
IMG-110300,top
IMG-101453,top
IMG-108290,top
IMG-107623,top
IMG-107500,top
IMG-113300,top
IMG-107516,top
IMG-102056,top
IMG-109111,top
IMG-106978,top
IMG-106773,top
IMG-112667,top
IMG-106595,top
IMG-106212,top
IMG-106024,top
IMG-105288,top
IMG-113215,top
IMG-109362,top
IMG-104859,top
IMG-107093,top
IMG-100251,top
IMG-114351,top
IMG-112410,top
IMG-112295,top
IMG-110625,top
IMG-101052,top
IMG-114741,top
IMG-105775,top
IMG-111665,top
IMG-104419,top
IMG-112490,top
IMG-112598,top
IMG-100609,top
IMG-112855,top
IMG-102247,top
IMG-110089,top
IMG-104542,top
IMG-112466,top
IMG-106914,top
IMG-113912,top
IMG-107312,top
IMG-106758,top
IMG-111762,top
IMG-105999,top
IMG-100882,top
IMG-105623,top
IMG-102481,top
IMG-109471,top
IMG-114594,top
IMG-100891,top
IMG-110846,top
IMG-110380,top
IMG-106319,top
IMG-109044,top
IMG-101505,top
IMG-109169,top
IMG-103739,top
IMG-101882,top
IMG-112686,top
IMG-111417,top
IMG-103597,top
IMG-104435,top
IMG-111443,top
IMG-106619,top
IMG-108253,top
IMG-113977,top
IMG-110045,top
IMG-100072,top
IMG-114933,top
IMG-111524,top
IMG-109887,top
IMG-102823,top
IMG-107162,top
IMG-108289,top
IMG-105516,top
IMG-109517,top
IMG-109031,top
IMG-103757,top
IMG-108545,top
IMG-110931,top
IMG-109570,top
IMG-106194,top
IMG-113982,top
IMG-109712,top
IMG-101199,top
IMG-102195,top
IMG-110117,top
IMG-105102,top
IMG-102411,top
IMG-111529,top
IMG-102077,top
IMG-109431,top
IMG-107165,top
IMG-102397,top
IMG-100794,top
IMG-107081,top
IMG-114277,top
IMG-109606,top
IMG-101902,top
IMG-112984,top
IMG-100778,top
IMG-109738,top
IMG-101008,top
IMG-101500,top
IMG-114875,top
IMG-105926,top
IMG-100610,top
IMG-109691,top
IMG-113282,top
IMG-114675,top
IMG-114330,top
IMG-114076,top
IMG-100248,top
IMG-113684,top
IMG-109598,top
IMG-102556,top
IMG-107279,top
IMG-105098,top
IMG-111374,top
IMG-104293,top
IMG-108301,top
IMG-102344,top
IMG-100205,top
IMG-103424,top
IMG-113994,top
IMG-108350,top
IMG-103157,top
IMG-110275,top
IMG-108235,top
IMG-113734,top
IMG-105652,top
IMG-100489,top
IMG-109441,top
IMG-111715,top
IMG-102348,top
IMG-105138,top
IMG-108010,top
IMG-113325,top
IMG-108268,top
IMG-111174,top
IMG-108757,top
IMG-104482,top
IMG-101096,top
IMG-112631,top
IMG-106089,top
IMG-108821,top
IMG-100073,top
IMG-109194,top
IMG-102240,top
IMG-109405,top
IMG-105961,top
IMG-110454,top
IMG-113724,top
IMG-104961,top
IMG-108454,top
IMG-107887,top
IMG-109963,top
IMG-100948,top
IMG-101781,top
IMG-110982,top
IMG-101081,top
IMG-106918,top
IMG-100899,top
IMG-113188,top
IMG-113885,top
IMG-107625,top
IMG-102520,top
IMG-111327,top
IMG-105395,top
IMG-109175,top
IMG-105839,top
IMG-101968,top
IMG-104329,top
IMG-104892,top
IMG-110419,top
IMG-103249,top
IMG-110906,top
IMG-103971,top
IMG-105283,top
IMG-103366,top
IMG-106740,top
IMG-104963,top
IMG-114146,top
IMG-103552,top
IMG-108917,top
IMG-104936,top
IMG-107515,top
IMG-106116,top
IMG-111294,top
IMG-100842,top
IMG-106641,top
IMG-111254,top
IMG-105540,top
IMG-114640,top
IMG-108302,top
IMG-111779,top
IMG-104965,top
IMG-103010,top
IMG-104503,top
IMG-110560,top
IMG-113831,top
IMG-108601,top
IMG-109079,top
IMG-100476,top
IMG-106877,top
IMG-105130,top
IMG-106179,top
IMG-113155,top
IMG-102664,top
IMG-104716,top
IMG-104650,top
IMG-105673,top
IMG-114082,top
IMG-103198,top
IMG-113165,top
IMG-101170,top
IMG-111387,top
IMG-102478,top
IMG-110606,top
IMG-102446,top
IMG-111291,top
IMG-112835,top
IMG-103087,top
IMG-102929,top
IMG-102786,top
IMG-109669,top
IMG-112821,top
IMG-108973,top
IMG-108093,top
IMG-114342,top
IMG-105789,top
IMG-113084,top
IMG-103388,top
IMG-103412,top
IMG-109563,top
IMG-112999,top
IMG-113736,top
IMG-111882,top
IMG-102876,top
IMG-109196,top
IMG-111468,top
IMG-106746,top
IMG-103023,top
IMG-111360,top
IMG-104169,top
IMG-109584,top
IMG-111331,top
IMG-104123,top
IMG-112613,top
IMG-104534,top
IMG-102031,top
IMG-110417,top
IMG-109933,top
IMG-106294,top
IMG-107313,top
IMG-106214,top
IMG-109257,top
IMG-107453,top
IMG-111807,top
IMG-106794,top
IMG-110778,top
IMG-111204,top
IMG-113053,top
IMG-106503,top
IMG-109979,top
IMG-105022,top
IMG-112283,top
IMG-104829,top
IMG-110143,top
IMG-112041,top
IMG-100401,top
IMG-110939,top
IMG-105332,top
IMG-108277,top
IMG-104423,top
IMG-108150,top
IMG-100063,top
IMG-102513,top
IMG-112959,top
IMG-105904,top
IMG-102258,top
IMG-104668,top
IMG-114377,top
IMG-107543,top
IMG-113415,top
IMG-114709,top
IMG-101807,top
IMG-109664,top
IMG-111800,top
IMG-107957,top
IMG-112614,top
IMG-114727,top
IMG-104802,top
IMG-106572,top
IMG-102011,top
IMG-107835,top
IMG-113257,top
IMG-102812,top
IMG-100078,top
IMG-100876,top
IMG-109269,top
IMG-100285,top
IMG-105956,top
IMG-106859,top
IMG-105740,top
IMG-107613,top
IMG-106081,top
IMG-108229,top
IMG-106538,top
IMG-104801,top
IMG-105507,top
IMG-107837,top
IMG-106699,top
IMG-111297,top
IMG-112815,top
IMG-100302,top
IMG-107751,top
IMG-110273,top
IMG-111625,top
IMG-113723,top
IMG-102184,top
IMG-111561,top
IMG-101285,top
IMG-100910,top
IMG-112113,top
IMG-101267,top
IMG-109100,top
IMG-104091,top
IMG-103962,top
IMG-101056,top
IMG-111835,top
IMG-111638,top
IMG-112073,top
IMG-114196,top
IMG-100465,top
IMG-112860,top
IMG-111730,top
IMG-106689,top
IMG-113859,top
IMG-106211,top
IMG-101825,top
IMG-102726,top
IMG-112671,top
IMG-102156,top
IMG-112974,top
IMG-110608,top
IMG-113942,top
IMG-110907,top
IMG-105736,top
IMG-103874,top
IMG-100110,top
IMG-100487,top
IMG-102635,top
IMG-114795,top
IMG-101216,top
IMG-107937,top
IMG-105917,top
IMG-109602,top
IMG-107383,top
IMG-104456,top
IMG-114470,top
IMG-103861,top
IMG-111199,top
IMG-100783,top
IMG-100071,top
IMG-106451,top
IMG-113363,top
IMG-114408,top
IMG-105912,top
IMG-104979,top
IMG-110167,top
IMG-108807,top
IMG-113828,top
IMG-106703,top
IMG-101701,top
IMG-101871,top
IMG-114761,top
IMG-106925,top
IMG-104186,top
IMG-112441,top
IMG-110940,top
IMG-111940,top
IMG-111515,top
IMG-109737,top
IMG-100934,top
IMG-102086,top
IMG-109071,top
IMG-104646,top
IMG-109332,top
IMG-100518,top
IMG-110888,top
IMG-106111,top
IMG-110723,top
IMG-113042,top
IMG-114855,top
IMG-111832,top
IMG-105004,top
IMG-112732,top
IMG-113521,top
IMG-111703,top
IMG-114462,top
IMG-100751,top
IMG-100533,top
IMG-109838,top
IMG-105615,top
IMG-109081,top
IMG-113634,top
IMG-108638,top
IMG-114110,top
IMG-110856,top
IMG-104636,top
IMG-106853,top
IMG-111813,top
IMG-112738,top
IMG-108600,top
IMG-108874,top
IMG-108033,top
IMG-104501,top
IMG-112533,top
IMG-105896,top
IMG-114421,top
IMG-102142,top
IMG-111196,top
IMG-106935,top
IMG-100553,top
IMG-106209,top
IMG-112713,top
IMG-108713,top
IMG-109160,top
IMG-114617,top
IMG-112909,top
IMG-114867,top
IMG-112319,top
IMG-102960,top
IMG-100750,top
IMG-109339,top
IMG-104226,top
IMG-103075,top
IMG-101329,top
IMG-108869,top
IMG-102327,top
IMG-107776,top
IMG-110895,top
IMG-113818,top
IMG-109670,top
IMG-106040,top
IMG-110435,top
IMG-108755,top
IMG-109213,top
IMG-106907,top
IMG-100857,top
IMG-102743,top
IMG-111342,top
IMG-112485,top
IMG-105687,top
IMG-105942,top
IMG-102435,top
IMG-113888,top
IMG-111126,top
IMG-113941,top
IMG-101964,top
IMG-108422,top
IMG-102298,top
IMG-105495,top
IMG-105825,top
IMG-107933,top
IMG-104688,top
IMG-101974,top
IMG-113339,top
